Symbol,Name,Sector,Price,Price/Earnings,Dividend Yield,Earnings/Share,52 Week Low,52 Week High,Market Cap,EBITDA,Price/Sales,Price/Book,SEC Filings
MMM,3M,Industrial Conglomerates,128.47,13.368367,0.022,9.61,75.652176,141.34,69959491584,8117000192,2.1434982,15.071563,http://www.sec.gov/cgi-bin/browse-edgar?action=getcompany&CIK=MMM
AOS,A. O. Smith,Building Products,75.1,19.815304,0.0179,3.79,70.3,92.45,10889124864,809100032,2.796529,5.6812162,http://www.sec.gov/cgi-bin/browse-edgar?action=getcompany&CIK=AOS
ABT,Abbott Laboratories,Health Care Equipment,113.37,34.564026,0.019199999,3.28,92.43,121.64,197252464640,10641000448,4.7857065,5.0168157,http://www.sec.gov/cgi-bin/browse-edgar?action=getcompany&CIK=ABT
ABBV,AbbVie,Biotechnology,203.87,71.28322,0.0327,2.86,135.85,207.32,360103706624,26121000960,6.5473404,34.748592,http://www.sec.gov/cgi-bin/browse-edgar?action=getcompany&CIK=ABBV
ACN,Accenture,IT Consulting & Other Services,344.82,30.14161,0.0171,11.44,278.69,387.51,215462854656,11065912320,3.3201017,7.621679,http://www.sec.gov/cgi-bin/browse-edgar?action=getcompany&CIK=ACN
ADBE,Adobe Inc.,Application Software,478.08,40.41251,,11.83,433.97,638.25,210450808832,8134000128,10.0468235,14.626892,http://www.sec.gov/cgi-bin/browse-edgar?action=getcompany&CIK=ADBE
AMD,Advanced Micro Devices,Semiconductors,144.07,127.49558,,1.13,105.91,227.3,233798238208,4479000064,9.623307,4.0956907,http://www.sec.gov/cgi-bin/browse-edgar?action=getcompany&CIK=AMD
AES,AES Corporation,Independent Power Producers & Energy Traders,16.49,15.704762,0.042,1.05,14.69,22.21,11723137024,3503000064,0.9432084,3.7925482,http://www.sec.gov/cgi-bin/browse-edgar?action=getcompany&CIK=AES
AFL,Aflac,Life & Health Insurance,104.79,15.57058,0.0182,6.73,75.08,115.5,58685124608,4800500224,3.3918116,2.369153,http://www.sec.gov/cgi-bin/browse-edgar?action=getcompany&CIK=AFL
A,Agilent Technologies,Life Sciences Tools & Services,130.31,27.091476,0.0072000003,4.81,102.7,155.35,37441712128,1564000000,5.7629232,6.347296,http://www.sec.gov/cgi-bin/browse-edgar?action=getcompany&CIK=A
APD,Air Products,Industrial Gases,310.53,26.979149,0.0226,11.51,212.24,332.43,69035163648,4200199936,5.7033114,4.571458,http://www.sec.gov/cgi-bin/browse-edgar?action=getcompany&CIK=APD
ABNB,Airbnb,"Hotels, Resorts & Cruise Lines",134.79,18.363758,,7.34,110.38,170.1,85244289024,1636999936,8.114639,10.679818,http://www.sec.gov/cgi-bin/browse-edgar?action=getcompany&CIK=ABNB
AKAM,Akamai Technologies,Internet Services & Infrastructure,101.08,25.081884,,4.03,87.59,129.17,15316248576,1122247040,3.9001908,3.2294962,http://www.sec.gov/cgi-bin/browse-edgar?action=getcompany&CIK=AKAM
ALB,Albemarle Corporation,Specialty Chemicals,94.73,,0.017,-4.72,71.97,153.54,11133901824,-840955008,1.492904,1.2387702,http://www.sec.gov/cgi-bin/browse-edgar?action=getcompany&CIK=ALB
ARE,Alexandria Real Estate Equities,Office REITs,111.55,68.018295,0.045900002,1.64,93.17,135.45,19494701056,1905123968,6.318264,1.0546868,http://www.sec.gov/cgi-bin/browse-edgar?action=getcompany&CIK=ARE
ALGN,Align Technology,Health Care Supplies,205.03,34.988052,,5.86,184.89,335.4,15315146752,821755008,3.8669546,3.8848362,http://www.sec.gov/cgi-bin/browse-edgar?action=getcompany&CIK=ALGN
ALLE,Allegion,Building Products,139.63,21.514639,0.0138,6.49,98.21,156.1,12137937920,888400000,3.2593818,7.7258897,http://www.sec.gov/cgi-bin/browse-edgar?action=getcompany&CIK=ALLE
LNT,Alliant Energy,Electric Utilities,60.0,24.489796,0.0324,2.45,46.8,62.49,15390000128,1608999936,3.884402,2.2662034,http://www.sec.gov/cgi-bin/browse-edgar?action=getcompany&CIK=LNT
ALL,Allstate,Property & Casualty Insurance,186.52,12.049096,0.0194,15.48,127.93,198.79,49391058944,6192999936,0.79111767,2.6185596,http://www.sec.gov/cgi-bin/browse-edgar?action=getcompany&CIK=ALL
GOOGL,Alphabet Inc. (Class A),Interactive Media & Services,171.11,22.693634,0.0046,7.54,126.93,191.75,2104618647552,123469996032,6.1926227,6.6805916,http://www.sec.gov/cgi-bin/browse-edgar?action=getcompany&CIK=GOOGL
GOOG,Alphabet Inc. (Class C),Interactive Media & Services,172.69,22.903183,0.0045,7.54,128.11,193.31,2102587162624,123469996032,6.1866455,6.742279,http://www.sec.gov/cgi-bin/browse-edgar?action=getcompany&CIK=GOOG
MO,Altria,Tobacco,54.46,9.389655,0.0808,5.8,39.25,54.95,92920741888,12192000000,4.578504,,http://www.sec.gov/cgi-bin/browse-edgar?action=getcompany&CIK=MO
AMZN,Amazon,Broadline Retail,186.4,44.593304,,4.18,136.47,201.2,1956379754496,104049000448,3.2372491,8.269742,http://www.sec.gov/cgi-bin/browse-edgar?action=getcompany&CIK=AMZN
AMCR,Amcor,Paper & Plastic Packaging Products & Materials,11.13,21.82353,0.0452,0.51,8.71,11.48,16086634496,1856999936,1.1793721,4.142166,http://www.sec.gov/cgi-bin/browse-edgar?action=getcompany&CIK=AMCR
AMTM,Amentum,Diversified Support Services,29.74,17.702381,,1.68,23.58,34.5,7235801600,433000000,1.2884262,,http://www.sec.gov/cgi-bin/browse-edgar?action=getcompany&CIK=AMTM
AEE,Ameren,Multi-Utilities,87.11,19.663658,0.0309,4.43,67.03,89.54,23242428416,3276999936,3.3456786,2.0141041,http://www.sec.gov/cgi-bin/browse-edgar?action=getcompany&CIK=AEE
AEP,American Electric Power,Electric Utilities,98.75,19.75,0.0382,5.0,74.97,105.18,52546850816,7350900224,2.6914256,2.0099735,http://www.sec.gov/cgi-bin/browse-edgar?action=getcompany&CIK=AEP
AXP,American Express,Consumer Finance,270.08,19.873436,0.010199999,13.59,148.33,286.36,190256496640,,3.2116766,6.400455,http://www.sec.gov/cgi-bin/browse-edgar?action=getcompany&CIK=AXP
AIG,American International Group,Multi-line Insurance,75.88,14.453333,0.0208,5.25,62.52,80.83,48862998528,9004000256,1.0639739,1.1095027,http://www.sec.gov/cgi-bin/browse-edgar?action=getcompany&CIK=AIG
AMT,American Tower,Telecom Tower REITs,213.54,51.579712,0.0304,4.14,170.46,243.56,99784884224,6975900160,8.935133,27.401512,http://www.sec.gov/cgi-bin/browse-edgar?action=getcompany&CIK=AMT
AWK,American Water Works,Water Utilities,138.11,27.457256,0.0226,5.03,113.34,150.68,26916810752,2408000000,5.961642,2.5976639,http://www.sec.gov/cgi-bin/browse-edgar?action=getcompany&CIK=AWK
AMP,Ameriprise Financial,Asset Management & Custody Banks,510.3,17.446154,0.0115,29.25,321.28,524.89,49601159168,,2.8432882,8.679161,http://www.sec.gov/cgi-bin/browse-edgar?action=getcompany&CIK=AMP
AME,Ametek,Electrical Components & Equipment,183.34,31.940767,0.0066000004,5.74,141.26,186.33,42449809408,2120557952,6.219993,4.587973,http://www.sec.gov/cgi-bin/browse-edgar?action=getcompany&CIK=AME
AMGN,Amgen,Biotechnology,320.16,40.88889,0.028499998,7.83,260.52,346.85,172246089728,12065000448,5.294341,22.840836,http://www.sec.gov/cgi-bin/browse-edgar?action=getcompany&CIK=AMGN
APH,Amphenol,Electronic Components,67.02,38.51724,0.0097,1.74,41.03,71.2,80799973376,3586299904,5.6771855,8.5462885,http://www.sec.gov/cgi-bin/browse-edgar?action=getcompany&CIK=APH
ADI,Analog Devices,Semiconductors,223.11,67.40484,0.016,3.31,161.64,244.14,110772551680,4361349120,11.419337,3.1478477,http://www.sec.gov/cgi-bin/browse-edgar?action=getcompany&CIK=ADI
ANSS,Ansys,Application Software,320.41,56.709736,,5.65,258.01,364.31,27999541248,742475008,12.044648,5.011339,http://www.sec.gov/cgi-bin/browse-edgar?action=getcompany&CIK=ANSS
AON,Aon,Insurance Brokers,366.87,31.4101,0.0073,11.68,268.06,389.21,79341502464,4295000064,5.315657,12.720432,http://www.sec.gov/cgi-bin/browse-edgar?action=getcompany&CIK=AON
APA,APA Corporation,Oil & Gas Exploration & Production,23.6,2.5541127,0.042600002,9.24,22.72,40.93,8729757696,5416999936,0.9799907,1.6093836,http://www.sec.gov/cgi-bin/browse-edgar?action=getcompany&CIK=APA
AAPL,Apple Inc.,"Technology Hardware, Storage & Peripherals",225.91,34.33283,0.0043,6.58,164.08,237.49,3434758275072,131781001216,8.907498,51.554085,http://www.sec.gov/cgi-bin/browse-edgar?action=getcompany&CIK=AAPL
AMAT,Applied Materials,Semiconductor Materials & Equipment,181.58,20.425196,0.0086,8.89,136.67,255.89,149695266816,8204000256,5.5744123,7.945565,http://www.sec.gov/cgi-bin/browse-edgar?action=getcompany&CIK=AMAT
APTV,Aptiv,Automotive Parts & Equipment,56.83,4.289057,,13.25,54.7,91.66,13352777728,2976999936,0.66814,1.3217816,http://www.sec.gov/cgi-bin/browse-edgar?action=getcompany&CIK=APTV
ACGL,Arch Capital Group,Property & Casualty Insurance,98.56,6.614765,,14.9,72.85,116.47,37078269952,5119000064,2.198273,1.7152802,http://www.sec.gov/cgi-bin/browse-edgar?action=getcompany&CIK=ACGL
ADM,Archer Daniels Midland,Agricultural Products & Services,55.21,10.998008,0.036,5.02,50.72,77.35,26398220288,3988000000,0.2973844,1.1915399,http://www.sec.gov/cgi-bin/browse-edgar?action=getcompany&CIK=ADM
ANET,Arista Networks,Communications Equipment,386.44,50.056995,,7.72,203.19,422.73,121401286656,2656448000,19.234425,14.396841,http://www.sec.gov/cgi-bin/browse-edgar?action=getcompany&CIK=ANET
AJG,Arthur J. Gallagher & Co.,Insurance Brokers,281.2,53.76673,0.0084,5.23,218.63,301.04,61708218368,3382200064,5.784585,5.063656,http://www.sec.gov/cgi-bin/browse-edgar?action=getcompany&CIK=AJG
AIZ,Assurant,Multi-line Insurance,191.7,12.797063,0.0148,14.98,158.29,201.55,9928775680,1321100032,0.8587272,1.9859728,http://www.sec.gov/cgi-bin/browse-edgar?action=getcompany&CIK=AIZ
T,AT&T,Integrated Telecommunication Services,22.54,18.325203,0.0504,1.23,15.46,22.595,161731035136,42773000192,1.3250126,1.5799805,http://www.sec.gov/cgi-bin/browse-edgar?action=getcompany&CIK=T
ATO,Atmos Energy,Gas Utilities,138.78,20.499262,0.0231,6.77,107.82,144.32,21543233536,1991972992,5.2610106,1.7682359,http://www.sec.gov/cgi-bin/browse-edgar?action=getcompany&CIK=ATO
ADSK,Autodesk,Application Software,283.8,58.155735,,4.88,192.01,294.13,61161447424,1396000000,10.535994,24.663248,http://www.sec.gov/cgi-bin/browse-edgar?action=getcompany&CIK=ADSK
ADP,Automatic Data Processing,Human Resource & Employment Services,289.24,30.868729,0.0194,9.37,211.52,294.18,117923143680,5581100032,6.1409984,25.957104,http://www.sec.gov/cgi-bin/browse-edgar?action=getcompany&CIK=ADP
AZO,AutoZone,Automotive Retail,3009.0,20.101543,,149.69,2491.5,3256.37,50865037312,4338463232,2.7509086,,http://www.sec.gov/cgi-bin/browse-edgar?action=getcompany&CIK=AZO
AVB,AvalonBay Communities,Multi-Family Residential REITs,221.61,37.561016,0.0299,5.9,164.76,236.26,31516706816,1763314944,11.017716,2.680658,http://www.sec.gov/cgi-bin/browse-edgar?action=getcompany&CIK=AVB
AVY,Avery Dennison,Paper & Plastic Packaging Products & Materials,207.03,24.853542,0.016900001,8.33,175.1,233.48,16634115072,1416300032,1.9162623,6.956653,http://www.sec.gov/cgi-bin/browse-edgar?action=getcompany&CIK=AVY
AXON,Axon Enterprise,Aerospace & Defense,423.5,112.33422,,3.77,209.03,455.17,32005718016,196808992,17.677073,16.592876,http://www.sec.gov/cgi-bin/browse-edgar?action=getcompany&CIK=AXON
BKR,Baker Hughes,Oil & Gas Equipment & Services,38.08,17.076233,0.0224,2.23,28.32,39.05,37681152000,4336999936,1.380262,2.3264909,http://www.sec.gov/cgi-bin/browse-edgar?action=getcompany&CIK=BKR
BALL,Ball Corporation,"Metal, Glass & Plastic Containers",59.25,27.054794,0.0125,2.19,47.56,71.32,17986226176,2064999936,1.3020289,2.6223776,http://www.sec.gov/cgi-bin/browse-edgar?action=getcompany&CIK=BALL
BAC,Bank of America,Diversified Banks,41.82,15.152174,0.024600001,2.76,26.59,44.44,320879853568,,3.3910327,1.1823245,http://www.sec.gov/cgi-bin/browse-edgar?action=getcompany&CIK=BAC
BAX,Baxter International,Health Care Equipment,35.7,,0.0323,-0.3,32.28,44.01,18213353472,2867000064,1.2144665,2.3825414,http://www.sec.gov/cgi-bin/browse-edgar?action=getcompany&CIK=BAX
BDX,Becton Dickinson,Health Care Equipment,233.59,46.811626,0.0161,4.99,218.75,259.92,67517317120,5109000192,3.40515,2.6100607,http://www.sec.gov/cgi-bin/browse-edgar?action=getcompany&CIK=BDX
BRK.B,Berkshire Hathaway,Multi-Sector Holdings,,,,,,,,,,,http://www.sec.gov/cgi-bin/browse-edgar?action=getcompany&CIK=BRK.B
BBY,Best Buy,Computer & Electronics Retail,90.43,15.618307,0.0416,5.79,62.3,103.71,19417581568,2673999872,0.45648685,6.2576985,http://www.sec.gov/cgi-bin/browse-edgar?action=getcompany&CIK=BBY
TECH,Bio-Techne,Life Sciences Tools & Services,73.75,77.63158,0.0042,0.95,52.99,85.57,11700142080,294100000,9.986609,5.467013,http://www.sec.gov/cgi-bin/browse-edgar?action=getcompany&CIK=TECH
BIIB,Biogen,Biotechnology,174.0,15.746606,,11.05,173.875,268.3,25355108352,2899899904,2.6390953,1.5497248,http://www.sec.gov/cgi-bin/browse-edgar?action=getcompany&CIK=BIIB
BLK,BlackRock,Asset Management & Custody Banks,981.03,24.361311,0.0208,40.27,623.77,1032.0,145318019072,7618999808,7.5057087,3.6252408,http://www.sec.gov/cgi-bin/browse-edgar?action=getcompany&CIK=BLK
BX,Blackstone Inc.,Asset Management & Custody Banks,167.75,57.844826,0.020599999,2.9,96.15,175.94,211006013440,,18.944225,19.272747,http://www.sec.gov/cgi-bin/browse-edgar?action=getcompany&CIK=BX
BK,BNY Mellon,Asset Management & Custody Banks,75.36,16.821428,0.0248,4.48,43.46,78.03,54792601600,,3.078063,1.4553602,http://www.sec.gov/cgi-bin/browse-edgar?action=getcompany&CIK=BK
BA,Boeing,Aerospace & Defense,149.31,,,-12.94,146.02,267.54,109100965888,-3991000064,1.4885592,,http://www.sec.gov/cgi-bin/browse-edgar?action=getcompany&CIK=BA
BKNG,Booking Holdings,"Hotels, Resorts & Cruise Lines",4676.25,31.647606,0.0078,147.76,2756.39,4855.0,156768468992,7093000192,6.8006454,,http://www.sec.gov/cgi-bin/browse-edgar?action=getcompany&CIK=BKNG
BWA,BorgWarner,Automotive Parts & Equipment,33.63,10.0991,0.013099999,3.33,29.51,38.23,7659871232,1871000064,0.5340867,1.2571493,http://www.sec.gov/cgi-bin/browse-edgar?action=getcompany&CIK=BWA
BSX,Boston Scientific,Health Care Equipment,84.02,69.43801,,1.21,50.84,88.79,123730370560,4108000000,7.7764044,6.067302,http://www.sec.gov/cgi-bin/browse-edgar?action=getcompany&CIK=BSX
BMY,Bristol Myers Squibb,Pharmaceuticals,55.77,,0.0456,-3.25,39.35,56.1952,113068097536,19047999488,2.4311016,6.6440315,http://www.sec.gov/cgi-bin/browse-edgar?action=getcompany&CIK=BMY
AVGO,Broadcom,Semiconductors,169.77,136.91129,0.012,1.24,86.0,186.42,792924454912,22958000128,16.937403,2.8667197,http://www.sec.gov/cgi-bin/browse-edgar?action=getcompany&CIK=AVGO
BR,Broadridge Financial Solutions,Data Processing & Outsourced Services,210.86,35.921635,0.0166,5.87,171.45,224.32,24646582272,1556000000,3.7878191,11.349373,http://www.sec.gov/cgi-bin/browse-edgar?action=getcompany&CIK=BR
BRO,Brown & Brown,Insurance Brokers,104.64,28.51226,0.0057,3.67,69.13,107.67,29922646016,1528300032,6.563855,4.629884,http://www.sec.gov/cgi-bin/browse-edgar?action=getcompany&CIK=BRO
BF.B,Brown–Forman,Distillers & Vintners,,,,,,,,,,,http://www.sec.gov/cgi-bin/browse-edgar?action=getcompany&CIK=BF.B
BLDR,Builders FirstSource,Building Products,171.4,15.088028,,11.36,119.99,214.7,19960215552,2561639936,1.1718681,4.6368184,http://www.sec.gov/cgi-bin/browse-edgar?action=getcompany&CIK=BLDR
BG,Bunge Global,Agricultural Products & Services,84.02,10.648922,0.0317,7.89,83.8494,114.92,11901516800,2511000064,0.21836844,1.06946,http://www.sec.gov/cgi-bin/browse-edgar?action=getcompany&CIK=BG
BXP,"BXP, Inc.",Office REITs,80.56,76.0,0.047399998,1.06,50.64,90.11,14268464128,2131543040,3.951892,2.2098477,http://www.sec.gov/cgi-bin/browse-edgar?action=getcompany&CIK=BXP
CHRW,C.H. Robinson,Air Freight & Logistics,103.04,37.06475,0.0226,2.78,65.0,113.1,12084840448,667409984,0.68036896,7.530513,http://www.sec.gov/cgi-bin/browse-edgar?action=getcompany&CIK=CHRW
CDNS,Cadence Design Systems,Application Software,276.12,72.663155,,3.8,241.29,328.99,75729502208,1450493056,17.393461,16.594748,http://www.sec.gov/cgi-bin/browse-edgar?action=getcompany&CIK=CDNS
CZR,Caesars Entertainment,Casinos & Gaming,40.05,,,-1.68,31.74,50.506,8509824000,3668000000,0.7550194,2.0321696,http://www.sec.gov/cgi-bin/browse-edgar?action=getcompany&CIK=CZR
CPT,Camden Property Trust,Multi-Family Residential REITs,115.79,31.723288,0.0356,3.65,85.3,127.69,12514699264,900542976,8.030207,2.590786,http://www.sec.gov/cgi-bin/browse-edgar?action=getcompany&CIK=CPT
CPB,Campbell Soup Company,Packaged Foods & Meats,46.65,24.68254,0.0317,1.89,39.65,52.81,13883787264,1783000064,1.4408247,3.6639962,http://www.sec.gov/cgi-bin/browse-edgar?action=getcompany&CIK=CPB
COF,Capital One,Consumer Finance,162.79,15.372048,0.014400001,10.59,101.38,167.93,62104383488,,2.343827,1.0692915,http://www.sec.gov/cgi-bin/browse-edgar?action=getcompany&CIK=COF
CAH,Cardinal Health,Health Care Distributors,108.52,31.45507,0.0187,3.45,91.15,116.05,26257715200,2856000000,0.11576098,,http://www.sec.gov/cgi-bin/browse-edgar?action=getcompany&CIK=CAH
KMX,CarMax,Automotive Retail,72.38,27.210524,,2.66,61.73,88.22,11213399040,926968000,0.405122,1.8193699,http://www.sec.gov/cgi-bin/browse-edgar?action=getcompany&CIK=KMX
CCL,Carnival,"Hotels, Resorts & Cruise Lines",22.0,18.80342,,1.17,11.61,23.05,29520699392,5878000128,1.2059602,3.2424467,http://www.sec.gov/cgi-bin/browse-edgar?action=getcompany&CIK=CCL
CARR,Carrier Global,Building Products,72.72,42.77647,0.010299999,1.7,49.621,83.32,65246347264,3318000128,2.630795,4.4433584,http://www.sec.gov/cgi-bin/browse-edgar?action=getcompany&CIK=CARR
CTLT,Catalent,Pharmaceuticals,58.6,,,-5.76,32.38,61.2,10636603392,495000000,2.4278939,2.9429488,http://www.sec.gov/cgi-bin/browse-edgar?action=getcompany&CIK=CTLT
CAT,Caterpillar Inc.,Construction Machinery & Heavy Transportation Equipment,376.2,17.465181,0.0149,21.54,232.88,403.6,182418620416,16168999936,2.7780614,9.390914,http://www.sec.gov/cgi-bin/browse-edgar?action=getcompany&CIK=CAT
CBOE,Cboe Global Markets,Financial Exchanges & Data,213.57,29.62136,0.012,7.21,162.38,216.95,22346684416,1262400000,5.867274,5.564762,http://www.sec.gov/cgi-bin/browse-edgar?action=getcompany&CIK=CBOE
CBRE,CBRE Group,Real Estate Services,130.97,42.385117,,3.09,71.09,136.06,40079175680,2213600000,1.1680464,4.532305,http://www.sec.gov/cgi-bin/browse-edgar?action=getcompany&CIK=CBRE
CDW,CDW,Technology Distributors,188.23,22.982906,0.013300001,8.19,188.12,263.37,26003783680,2031699968,1.2483095,10.696102,http://www.sec.gov/cgi-bin/browse-edgar?action=getcompany&CIK=CDW
CE,Celanese,Specialty Chemicals,125.97,7.129032,0.022,17.67,114.05,172.16,13763986432,1871000064,1.3041488,1.9207137,http://www.sec.gov/cgi-bin/browse-edgar?action=getcompany&CIK=CE
COR,Cencora,Health Care Distributors,228.08,24.710728,0.0089,9.23,184.0,247.66,44705505280,4032841984,0.15750758,48.568993,http://www.sec.gov/cgi-bin/browse-edgar?action=getcompany&CIK=COR
CNC,Centene Corporation,Managed Health Care,62.26,10.753022,,5.79,59.77,81.42,31432894464,5919000064,0.2149934,1.1629775,http://www.sec.gov/cgi-bin/browse-edgar?action=getcompany&CIK=CNC
CNP,CenterPoint Energy,Multi-Utilities,29.53,19.686666,0.0287,1.5,25.41,31.57,19245498368,3081999872,2.2475183,1.8267862,http://www.sec.gov/cgi-bin/browse-edgar?action=getcompany&CIK=CNP
CF,CF Industries,Fertilizers & Agricultural Chemicals,82.23,14.605684,0.024500001,5.63,69.13,90.86,14835279872,2654000128,2.479572,2.8244145,http://www.sec.gov/cgi-bin/browse-edgar?action=getcompany&CIK=CF
CRL,Charles River Laboratories,Life Sciences Tools & Services,178.58,21.361244,,8.36,166.87,275.0,9220210688,958953984,2.2610881,2.4758763,http://www.sec.gov/cgi-bin/browse-edgar?action=getcompany&CIK=CRL
SCHW,Charles Schwab Corporation,Investment Banking & Brokerage,70.83,27.66797,0.014099999,2.56,53.49,79.49,129572159488,,6.9156785,3.7257378,http://www.sec.gov/cgi-bin/browse-edgar?action=getcompany&CIK=SCHW
CHTR,Charter Communications,Cable & Satellite,327.61,10.453414,,31.34,236.08,424.87,46776152064,21283999744,0.8557814,3.6309931,http://www.sec.gov/cgi-bin/browse-edgar?action=getcompany&CIK=CHTR
CVX,Chevron Corporation,Integrated Oil & Gas,148.82,14.734653,0.044,10.1,135.37,167.11,270071103488,41003999232,1.3839084,1.7093173,http://www.sec.gov/cgi-bin/browse-edgar?action=getcompany&CIK=CVX
CMG,Chipotle Mexican Grill,Restaurants,55.77,51.638885,,1.08,39.9172,69.2614,75991646208,2233638912,6.9178514,21.045282,http://www.sec.gov/cgi-bin/browse-edgar?action=getcompany&CIK=CMG
CB,Chubb Limited,Property & Casualty Insurance,282.44,11.580156,0.0128,24.39,215.54,302.05,113832640512,11217000448,2.0851524,1.7311146,http://www.sec.gov/cgi-bin/browse-edgar?action=getcompany&CIK=CB
CHD,Church & Dwight,Household Products,99.91,30.83642,0.0113,3.24,82.25,110.31,24459468800,1318000000,4.0776653,5.679932,http://www.sec.gov/cgi-bin/browse-edgar?action=getcompany&CIK=CHD
CI,Cigna,Health Care Services,314.81,24.846882,0.0179,12.67,253.95,370.83,88004820992,9377000448,0.40741464,2.1288493,http://www.sec.gov/cgi-bin/browse-edgar?action=getcompany&CIK=CI
CINF,Cincinnati Financial,Property & Casualty Insurance,140.83,7.2368965,0.0226,19.46,98.65,145.33,22018488320,4062000128,1.8114759,1.5945967,http://www.sec.gov/cgi-bin/browse-edgar?action=getcompany&CIK=CINF
CTAS,Cintas,Diversified Support Services,205.81,52.103798,0.0075,3.95,126.74,215.37,83022929920,2450383872,8.510047,20.638788,http://www.sec.gov/cgi-bin/browse-edgar?action=getcompany&CIK=CTAS
CSCO,Cisco,Communications Equipment,54.77,21.562992,0.028800001,2.54,44.5,57.06,218314326016,15281999872,4.057661,4.828103,http://www.sec.gov/cgi-bin/browse-edgar?action=getcompany&CIK=CSCO
C,Citigroup,Diversified Banks,64.17,18.282051,0.033800002,3.51,39.93,67.81,121364717568,,1.7510926,0.6297041,http://www.sec.gov/cgi-bin/browse-edgar?action=getcompany&CIK=C
CFG,Citizens Financial Group,Regional Banks,42.12,16.517647,0.039300002,2.55,23.5,44.39,18752538624,,2.6356344,0.82175744,http://www.sec.gov/cgi-bin/browse-edgar?action=getcompany&CIK=CFG
CLX,Clorox,Household Products,158.55,70.46667,0.0312,2.25,121.76,169.09,19625478144,1404999936,2.6275911,326.90723,http://www.sec.gov/cgi-bin/browse-edgar?action=getcompany&CIK=CLX
CME,CME Group,Financial Exchanges & Data,225.36,23.722105,0.0202,9.5,190.7,230.36,81165656064,4209100032,13.450716,2.870499,http://www.sec.gov/cgi-bin/browse-edgar?action=getcompany&CIK=CME
CMS,CMS Energy,Multi-Utilities,69.61,21.35276,0.0294,3.26,54.13,72.4,20794525696,2635000064,2.8077943,2.6728873,http://www.sec.gov/cgi-bin/browse-edgar?action=getcompany&CIK=CMS
KO,Coca-Cola Company (The),Soft Drinks & Non-alcoholic Beverages,65.31,27.099583,0.0294,2.41,56.06,73.53,281342410752,14828999680,6.0678606,10.614334,http://www.sec.gov/cgi-bin/browse-edgar?action=getcompany&CIK=KO
CTSH,Cognizant,IT Consulting & Other Services,74.59,16.502213,0.0161,4.52,62.14,80.27,37080850432,3448000000,1.9102024,2.5599751,http://www.sec.gov/cgi-bin/browse-edgar?action=getcompany&CIK=CTSH
CL,Colgate-Palmolive,Household Products,93.71,26.92816,0.0211,3.48,74.22,109.3,76562104320,4894000128,3.807923,176.1466,http://www.sec.gov/cgi-bin/browse-edgar?action=getcompany&CIK=CL
CMCSA,Comcast,Cable & Satellite,43.67,11.614361,0.0294,3.76,36.43,47.11,169112059904,37513998336,1.3963163,2.0368469,http://www.sec.gov/cgi-bin/browse-edgar?action=getcompany&CIK=CMCSA
CAG,Conagra Brands,Packaged Foods & Meats,28.94,28.372551,0.0476,1.02,26.62,33.24,13812280320,2239500032,1.156633,1.5884516,http://www.sec.gov/cgi-bin/browse-edgar?action=getcompany&CIK=CAG
COP,ConocoPhillips,Oil & Gas Exploration & Production,109.54,12.198219,0.030299999,8.98,101.3,135.18,127203328000,25019000832,2.1901398,2.557135,http://www.sec.gov/cgi-bin/browse-edgar?action=getcompany&CIK=COP
ED,Consolidated Edison,Multi-Utilities,101.68,19.743689,0.0323,5.15,85.85,107.75,35196227584,5376000000,2.3763573,1.6317884,http://www.sec.gov/cgi-bin/browse-edgar?action=getcompany&CIK=ED
STZ,Constellation Brands,Distillers & Vintners,232.34,74.23003,0.0172,3.13,232.08,274.87,42189926400,3887300096,4.1400013,5.3575296,http://www.sec.gov/cgi-bin/browse-edgar?action=getcompany&CIK=STZ
CEG,Constellation Energy,Electric Utilities,262.96,35.014645,0.0054,7.51,109.44,288.753,82224693248,5585999872,3.4923842,7.2089257,http://www.sec.gov/cgi-bin/browse-edgar?action=getcompany&CIK=CEG
COO,Cooper Companies (The),Health Care Supplies,104.68,58.155556,0.0002,1.8,78.6275,112.38,20847650816,1023000000,5.480311,2.6298864,http://www.sec.gov/cgi-bin/browse-edgar?action=getcompany&CIK=COO
CPRT,Copart,Diversified Support Services,51.47,36.764286,,1.4,44.05,58.58,49584910336,1754322944,11.703323,6.5877385,http://www.sec.gov/cgi-bin/browse-edgar?action=getcompany&CIK=CPRT
GLW,Corning Inc.,Electronic Components,47.59,250.4737,0.0233,0.19,26.71,51.03,40675221504,2532000000,3.2253764,3.489003,http://www.sec.gov/cgi-bin/browse-edgar?action=getcompany&CIK=GLW
CPAY,Corpay,Transaction & Payment Processing Services,329.72,23.944807,,13.77,221.37,355.47,22893449216,2038312960,5.994347,8.31996,http://www.sec.gov/cgi-bin/browse-edgar?action=getcompany&CIK=CPAY
CTVA,Corteva,Fertilizers & Agricultural Chemicals,60.92,48.349205,0.011,1.26,43.22,62.38,42171682816,3214000128,2.4952183,1.6781907,http://www.sec.gov/cgi-bin/browse-edgar?action=getcompany&CIK=CTVA
CSGP,CoStar Group,Real Estate Services,72.79,173.30952,,0.42,68.26,100.38,30115624960,170300000,11.292372,3.9791179,http://www.sec.gov/cgi-bin/browse-edgar?action=getcompany&CIK=CSGP
COST,Costco,Consumer Staples Merchandise Retail,874.18,52.88445,0.0053,16.53,552.01,923.83,387326410752,11521999872,1.5221924,16.398664,http://www.sec.gov/cgi-bin/browse-edgar?action=getcompany&CIK=COST
CTRA,Coterra,Oil & Gas Exploration & Production,23.92,13.82659,0.0348,1.73,22.3,28.9,17683433472,3487000064,3.177616,1.3585505,http://www.sec.gov/cgi-bin/browse-edgar?action=getcompany&CIK=CTRA
CRWD,CrowdStrike,Systems Software,296.87,436.57352,,0.68,178.35,398.327,72770551808,187490000,20.69546,25.506487,http://www.sec.gov/cgi-bin/browse-edgar?action=getcompany&CIK=CRWD
CCI,Crown Castle,Telecom Tower REITs,107.49,38.11702,0.0581,2.82,92.48,120.92,46711607296,3993999872,7.0850306,8.828747,http://www.sec.gov/cgi-bin/browse-edgar?action=getcompany&CIK=CCI
CSX,CSX Corporation,Rail Transportation,33.64,17.893618,0.0143,1.88,29.64,40.12,65219211264,7191000064,4.442423,5.0171514,http://www.sec.gov/cgi-bin/browse-edgar?action=getcompany&CIK=CSX
CMI,Cummins,Construction Machinery & Heavy Transportation Equipment,328.98,23.549034,0.0219,13.97,212.8,340.82,45086052352,4445000192,1.3193473,4.720552,http://www.sec.gov/cgi-bin/browse-edgar?action=getcompany&CIK=CMI
CVS,CVS Health,Health Care Services,56.46,10.046264,0.047199998,5.62,52.77,83.25,71025549312,16099999744,0.1962818,0.94639444,http://www.sec.gov/cgi-bin/browse-edgar?action=getcompany&CIK=CVS
DHI,D. R. Horton,Homebuilding,169.0,11.785216,0.0095,14.34,111.59,199.85,54760562688,6202899968,1.4880022,2.163366,http://www.sec.gov/cgi-bin/browse-edgar?action=getcompany&CIK=DHI
DHR,Danaher Corporation,Life Sciences Tools & Services,245.66,46.263653,0.0045,5.31,190.95,281.7,177434083328,7511000064,7.4734263,3.4584415,http://www.sec.gov/cgi-bin/browse-edgar?action=getcompany&CIK=DHR
DRI,Darden Restaurants,Restaurants,160.02,18.456747,0.035,8.67,135.87,176.84,18802350080,1789500032,1.6469597,8.808279,http://www.sec.gov/cgi-bin/browse-edgar?action=getcompany&CIK=DRI
DVA,DaVita,Health Care Services,139.81,15.065733,,9.28,76.64,168.5,11467774976,2649965056,0.90535444,29.873932,http://www.sec.gov/cgi-bin/browse-edgar?action=getcompany&CIK=DVA
DAY,Dayforce,Human Resource & Employment Services,70.95,208.67645,,0.34,47.08,74.66,11188814848,261600000,6.6030188,4.3801703,http://www.sec.gov/cgi-bin/browse-edgar?action=getcompany&CIK=DAY
DECK,Deckers Brands,Footwear,160.89,28.425797,,5.66,98.445,184.48167,24529772544,1145804032,5.2675934,11.016845,http://www.sec.gov/cgi-bin/browse-edgar?action=getcompany&CIK=DECK
DE,Deere & Company,Agricultural & Farm Machinery,404.69,13.793116,0.0145000005,29.34,340.2,420.47,110723186688,14364000256,1.9787898,4.8011055,http://www.sec.gov/cgi-bin/browse-edgar?action=getcompany&CIK=DE
DELL,Dell Technologies,"Technology Hardware, Storage & Peripherals",123.63,22.767956,0.0138,5.43,67.51,179.7,86787768320,8725999616,0.9449991,,http://www.sec.gov/cgi-bin/browse-edgar?action=getcompany&CIK=DELL
DAL,Delta Air Lines,Passenger Airlines,57.22,7.9361997,0.010299999,7.21,31.57,59.09,36922982400,8415000064,0.6122503,2.6882782,http://www.sec.gov/cgi-bin/browse-edgar?action=getcompany&CIK=DAL
DVN,Devon Energy,Oil & Gas Exploration & Production,38.68,6.994575,0.052199997,5.53,37.77,55.09,25461458944,7464999936,1.7262006,1.9353547,http://www.sec.gov/cgi-bin/browse-edgar?action=getcompany&CIK=DVN
DXCM,Dexcom,Health Care Equipment,70.48,42.715153,,1.65,62.34,142.0,27529138176,840400000,6.962352,13.909612,http://www.sec.gov/cgi-bin/browse-edgar?action=getcompany&CIK=DXCM
FANG,Diamondback Energy,Oil & Gas Exploration & Production,176.77,9.149587,0.060900003,19.32,145.7,214.5,51754016768,6733000192,5.850556,1.8073534,http://www.sec.gov/cgi-bin/browse-edgar?action=getcompany&CIK=FANG
DLR,Digital Realty,Data Center REITs,178.23,152.33333,0.026800001,1.17,126.22,193.88,59814162432,2328552960,11.128535,2.8787634,http://www.sec.gov/cgi-bin/browse-edgar?action=getcompany&CIK=DLR
DFS,Discover Financial,Consumer Finance,148.43,11.950885,0.018099999,12.42,82.15,157.06,37266616320,,3.1889968,2.1585107,http://www.sec.gov/cgi-bin/browse-edgar?action=getcompany&CIK=DFS
DG,Dollar General,Consumer Staples Merchandise Retail,80.04,12.447901,0.0299,6.43,77.96,168.07,17601996800,3025478912,0.4436325,2.424426,http://www.sec.gov/cgi-bin/browse-edgar?action=getcompany&CIK=DG
DLTR,Dollar Tree,Consumer Staples Merchandise Retail,64.64,,,-4.81,60.82,151.22,13897082880,2604699904,0.44878086,1.8831207,http://www.sec.gov/cgi-bin/browse-edgar?action=getcompany&CIK=DLTR
D,Dominion Energy,Multi-Utilities,59.53,24.804165,0.045700002,2.4,40.44,61.26,49941979136,7008999936,3.4533246,1.941491,http://www.sec.gov/cgi-bin/browse-edgar?action=getcompany&CIK=D
DPZ,Domino's,Restaurants,413.73,25.413391,0.0147,16.28,345.76,542.75,14286924800,921121024,3.0622666,,http://www.sec.gov/cgi-bin/browse-edgar?action=getcompany&CIK=DPZ
DOV,Dover Corporation,Industrial Machinery & Supplies & Components,189.33,17.211819,0.0107,11.0,129.63,195.68,25974560768,1765938048,3.065021,4.5585437,http://www.sec.gov/cgi-bin/browse-edgar?action=getcompany&CIK=DOV
DOW,Dow Inc.,Commodity Chemicals,49.38,32.920002,0.056700002,1.5,47.78,60.69,34570547200,4851999744,0.80061483,1.8879756,http://www.sec.gov/cgi-bin/browse-edgar?action=getcompany&CIK=DOW
DTE,DTE Energy,Multi-Utilities,124.22,16.854816,0.032899998,7.37,96.45,131.67,25726085120,3448000000,2.0721776,2.2192843,http://www.sec.gov/cgi-bin/browse-edgar?action=getcompany&CIK=DTE
DUK,Duke Energy,Electric Utilities,115.27,19.738012,0.0367,5.84,86.61,121.25,89011716096,14094999552,3.0080674,1.8638229,http://www.sec.gov/cgi-bin/browse-edgar?action=getcompany&CIK=DUK
DD,DuPont,Specialty Chemicals,82.99,106.39744,0.0183,0.78,61.14,90.06,34647908352,2894000128,2.8734374,1.4847481,http://www.sec.gov/cgi-bin/browse-edgar?action=getcompany&CIK=DD
EMN,Eastman Chemical Company,Specialty Chemicals,105.09,14.144011,0.0309,7.43,74.31,114.5,12280816640,1574000000,1.342606,2.1815577,http://www.sec.gov/cgi-bin/browse-edgar?action=getcompany&CIK=EMN
ETN,Eaton Corporation,Electrical Components & Equipment,331.58,36.51762,0.011,9.08,211.99,349.74,132001988608,5295000064,5.4681854,6.8682804,http://www.sec.gov/cgi-bin/browse-edgar?action=getcompany&CIK=ETN
EBAY,eBay,Broadline Retail,57.51,14.486146,0.0172,3.97,37.17,67.8,28122388480,2668999936,2.7393715,5.16758,http://www.sec.gov/cgi-bin/browse-edgar?action=getcompany&CIK=EBAY
ECL,Ecolab,Specialty Chemicals,245.73,34.51264,0.009,7.12,167.3,262.61,69919514624,3547800064,4.4606886,10.475317,http://www.sec.gov/cgi-bin/browse-edgar?action=getcompany&CIK=ECL
EIX,Edison International,Electric Utilities,82.4,24.093567,0.0375,3.42,62.21,88.77,31901161472,6464999936,1.841762,2.2757401,http://www.sec.gov/cgi-bin/browse-edgar?action=getcompany&CIK=EIX
EW,Edwards Lifesciences,Health Care Equipment,67.01,28.39407,,2.36,58.93,96.12,40366825472,2058599936,6.3923144,5.42679,http://www.sec.gov/cgi-bin/browse-edgar?action=getcompany&CIK=EW
EA,Electronic Arts,Interactive Home Entertainment,150.85,38.77892,0.0050999997,3.89,124.92,153.51,39859851264,1910000000,5.3799233,5.3757887,http://www.sec.gov/cgi-bin/browse-edgar?action=getcompany&CIK=EA
ELV,Elevance Health,Managed Health Care,405.76,14.765648,0.0159,27.48,397.98,567.26,94105083904,11347999744,0.54078716,2.1498017,http://www.sec.gov/cgi-bin/browse-edgar?action=getcompany&CIK=ELV
EMR,Emerson Electric,Electrical Components & Equipment,108.27,36.454544,0.019299999,2.97,83.1,119.53,61930438656,4392999936,3.650913,2.9775589,http://www.sec.gov/cgi-bin/browse-edgar?action=getcompany&CIK=EMR
ENPH,Enphase Energy,Semiconductor Materials & Equipment,83.04,180.52174,,0.46,73.49,141.63,11219286016,102900000,8.973706,12.0435095,http://www.sec.gov/cgi-bin/browse-edgar?action=getcompany&CIK=ENPH
ETR,Entergy,Electric Utilities,154.78,18.492235,0.0357,8.37,94.85,156.84,33096763392,4587522048,2.7423918,2.2716997,http://www.sec.gov/cgi-bin/browse-edgar?action=getcompany&CIK=ETR
EOG,EOG Resources,Oil & Gas Exploration & Production,121.96,9.410494,0.030199999,12.96,108.94,139.67,69346451456,13500000256,2.8768492,2.3813336,http://www.sec.gov/cgi-bin/browse-edgar?action=getcompany&CIK=EOG
EPAM,EPAM Systems,IT Consulting & Other Services,188.65,27.02722,,6.98,169.43,317.5,10767047680,625980032,2.329796,3.161343,http://www.sec.gov/cgi-bin/browse-edgar?action=getcompany&CIK=EPAM
EQT,EQT Corporation,Oil & Gas Exploration & Production,36.54,48.72,0.0163,0.75,30.02,45.23,21802835968,2461591040,4.6493897,1.0673599,http://www.sec.gov/cgi-bin/browse-edgar?action=getcompany&CIK=EQT
EFX,Equifax,Research & Consulting Services,265.02,58.89333,0.0058,4.5,170.62,309.63,32849758208,1697699968,5.878415,6.688877,http://www.sec.gov/cgi-bin/browse-edgar?action=getcompany&CIK=EFX
EQIX,Equinix,Data Center REITs,908.08,82.92968,0.0187,10.95,684.14,943.02,86217654272,3203120128,10.449035,6.448241,http://www.sec.gov/cgi-bin/browse-edgar?action=getcompany&CIK=EQIX
EQR,Equity Residential,Multi-Family Residential REITs,70.37,28.72245,0.0365,2.45,53.28,78.83,27500597248,1796182016,9.351308,2.4634182,http://www.sec.gov/cgi-bin/browse-edgar?action=getcompany&CIK=EQR
ERIE,Erie Indemnity,Insurance Brokers,448.84,44.264297,0.0114,10.14,274.59,547.0,23550814208,686960512,6.638251,12.833167,http://www.sec.gov/cgi-bin/browse-edgar?action=getcompany&CIK=ERIE
ESS,Essex Property Trust,Multi-Family Residential REITs,283.86,33.161213,0.033299997,8.56,204.64,317.73,18904791040,1118232064,10.764809,3.3572633,http://www.sec.gov/cgi-bin/browse-edgar?action=getcompany&CIK=ESS
EL,Estée Lauder Companies (The),Personal Care Products,68.94,63.833332,0.030299999,1.08,63.36,159.75,24747669504,2404000000,1.5855759,4.6533923,http://www.sec.gov/cgi-bin/browse-edgar?action=getcompany&CIK=EL
EG,Everest Group,Reinsurance,355.61,5.228021,0.0211,68.02,343.76,417.92,15388488704,,0.94254667,1.0002897,http://www.sec.gov/cgi-bin/browse-edgar?action=getcompany&CIK=EG
EVRG,Evergy,Electric Utilities,60.44,18.887499,0.0428,3.2,47.98,62.58,13898660864,2411300096,2.4661818,1.4322953,http://www.sec.gov/cgi-bin/browse-edgar?action=getcompany&CIK=EVRG
ES,Eversource Energy,Electric Utilities,65.85,,0.0437,-0.29,52.09,69.01,23533801472,4027567104,2.0731308,1.575585,http://www.sec.gov/cgi-bin/browse-edgar?action=getcompany&CIK=ES
EXC,Exelon,Electric Utilities,39.3,16.172838,0.038399998,2.43,33.35,41.48,39514972160,7094000128,1.7369219,1.5243784,http://www.sec.gov/cgi-bin/browse-edgar?action=getcompany&CIK=EXC
EXPE,Expedia Group,"Hotels, Resorts & Cruise Lines",156.31,28.214802,,5.54,93.2,164.65,20345778176,1776000000,1.5340254,23.000294,http://www.sec.gov/cgi-bin/browse-edgar?action=getcompany&CIK=EXPE
EXPD,Expeditors International,Air Freight & Logistics,119.0,25.481798,0.012200001,4.67,107.03,131.59,16794231808,921294976,1.8427966,7.6893253,http://www.sec.gov/cgi-bin/browse-edgar?action=getcompany&CIK=EXPD
EXR,Extra Space Storage,Self-Storage REITs,163.3,43.43085,0.039300002,3.76,104.72,184.87,36024471552,2244666880,10.924714,2.4707608,http://www.sec.gov/cgi-bin/browse-edgar?action=getcompany&CIK=EXR
XOM,ExxonMobil,Integrated Oil & Gas,116.78,13.9689,0.0326,8.36,95.77,126.34,518833668096,70902996992,1.5032775,1.9330277,http://www.sec.gov/cgi-bin/browse-edgar?action=getcompany&CIK=XOM
FFIV,"F5, Inc.",Communications Equipment,233.88,24.464434,,9.56,149.4,250.46,13589294080,782097984,4.8255377,4.341805,http://www.sec.gov/cgi-bin/browse-edgar?action=getcompany&CIK=FFIV
FDS,FactSet,Financial Exchanges & Data,454.06,32.689705,0.0092,13.89,391.84,488.64,17249193984,831163008,7.829666,9.010736,http://www.sec.gov/cgi-bin/browse-edgar?action=getcompany&CIK=FDS
FICO,Fair Isaac,Application Software,1993.11,104.51547,,19.07,879.69,2103.7,48868065280,714657984,29.555212,,http://www.sec.gov/cgi-bin/browse-edgar?action=getcompany&CIK=FICO
FAST,Fastenal,Trading Companies & Distributors,78.18,38.895523,0.0199,2.01,58.23,79.04,44788228096,1693200000,5.987651,12.451028,http://www.sec.gov/cgi-bin/browse-edgar?action=getcompany&CIK=FAST
FRT,Federal Realty Investment Trust,Retail REITs,110.84,32.22093,0.0385,3.44,90.7,118.34,9343689728,740694976,7.8737473,3.1900992,http://www.sec.gov/cgi-bin/browse-edgar?action=getcompany&CIK=FRT
FDX,FedEx,Air Freight & Logistics,273.85,16.90432,0.0201,16.2,234.45,313.84,66907856896,10885000192,0.7638668,2.4620156,http://www.sec.gov/cgi-bin/browse-edgar?action=getcompany&CIK=FDX
FIS,Fidelity National Information Services,Transaction & Payment Processing Services,89.73,88.84159,0.0176,1.01,49.81,91.54,48953638912,3548000000,4.916505,2.8914382,http://www.sec.gov/cgi-bin/browse-edgar?action=getcompany&CIK=FIS
FITB,Fifth Third Bancorp,Regional Banks,43.68,14.56,0.0336,3.0,24.02,45.71,29539430400,,3.6626697,1.5823793,http://www.sec.gov/cgi-bin/browse-edgar?action=getcompany&CIK=FITB
FSLR,First Solar,Semiconductors,194.48,16.751078,,11.61,129.22,306.77,20820639744,1716966016,5.40682,2.741858,http://www.sec.gov/cgi-bin/browse-edgar?action=getcompany&CIK=FSLR
FE,FirstEnergy,Electric Utilities,41.83,26.987099,0.0403,1.55,34.92,44.97,24107341824,3899000064,1.8184613,1.9398972,http://www.sec.gov/cgi-bin/browse-edgar?action=getcompany&CIK=FE
FI,Fiserv,Transaction & Payment Processing Services,197.9,38.20463,,5.18,114.32,204.5,112589062144,8766000128,5.5953217,4.064823,http://www.sec.gov/cgi-bin/browse-edgar?action=getcompany&CIK=FI
FMC,FMC Corporation,Fertilizers & Agricultural Chemicals,64.99,5.331419,0.0348,12.19,49.49,68.72,8112311296,592700032,1.9463786,1.7545422,http://www.sec.gov/cgi-bin/browse-edgar?action=getcompany&CIK=FMC
F,Ford Motor Company,Automobile Manufacturers,10.29,11.693182,0.0573,0.88,9.49,14.85,40895442944,9360000000,0.22378664,0.92287,http://www.sec.gov/cgi-bin/browse-edgar?action=getcompany&CIK=F
FTNT,Fortinet,Systems Software,78.66,46.54438,,1.69,44.12,83.77,60167667712,1558700032,10.865886,208.64722,http://www.sec.gov/cgi-bin/browse-edgar?action=getcompany&CIK=FTNT
FTV,Fortive,Industrial Machinery & Supplies & Components,71.43,28.572,0.0044,2.5,64.69,87.1,24782567424,1669200000,4.000285,2.3476632,http://www.sec.gov/cgi-bin/browse-edgar?action=getcompany&CIK=FTV
FOXA,Fox Corporation (Class A),Broadcasting,42.0,13.4185295,0.0128,3.13,28.285,42.85,18523133952,2847000064,1.3249738,1.8083961,http://www.sec.gov/cgi-bin/browse-edgar?action=getcompany&CIK=FOXA
FOX,Fox Corporation (Class B),Broadcasting,38.96,12.447284,0.0139,3.13,25.815,39.32,18531635200,2847000064,1.3255819,1.6775026,http://www.sec.gov/cgi-bin/browse-edgar?action=getcompany&CIK=FOX
BEN,Franklin Resources,Asset Management & Custody Banks,20.77,12.900621,0.0594,1.61,18.95,30.32,10862668800,1807100032,1.3162245,0.84249383,http://www.sec.gov/cgi-bin/browse-edgar?action=getcompany&CIK=BEN
FCX,Freeport-McMoRan,Copper,45.02,32.623188,0.013099999,1.38,32.83,55.24,64687439872,9797999616,2.522911,3.5918303,http://www.sec.gov/cgi-bin/browse-edgar?action=getcompany&CIK=FCX
GRMN,Garmin,Consumer Electronics,198.35,25.203304,0.0150999995,7.87,112.01,207.22,39349665792,1596897024,6.605792,5.0769153,http://www.sec.gov/cgi-bin/browse-edgar?action=getcompany&CIK=GRMN
IT,Gartner,IT Consulting & Other Services,502.5,47.811607,,10.51,332.59,535.29,38722400256,1297021056,6.386791,60.222916,http://www.sec.gov/cgi-bin/browse-edgar?action=getcompany&CIK=IT
GE,GE Aerospace,Aerospace & Defense,171.78,33.948616,0.0064,5.06,85.682365,194.8,185915785216,8935000064,2.6577241,9.850336,http://www.sec.gov/cgi-bin/browse-edgar?action=getcompany&CIK=GE
GEHC,GE HealthCare,Health Care Equipment,87.35,23.931505,0.0014,3.65,66.39,94.55,39907856384,3571000064,2.0403833,4.7981324,http://www.sec.gov/cgi-bin/browse-edgar?action=getcompany&CIK=GEHC
GEV,GE Vernova,Heavy Electrical Equipment,301.66,71.48341,,4.22,119.0,303.709,83153485824,1396999936,2.4157073,8.741488,http://www.sec.gov/cgi-bin/browse-edgar?action=getcompany&CIK=GEV
GEN,Gen Digital,Systems Software,29.11,29.404041,0.0186,0.99,16.68,30.03,17917933568,2144000000,4.6383467,8.546682,http://www.sec.gov/cgi-bin/browse-edgar?action=getcompany&CIK=GEN
GNRC,Generac,Electrical Components & Equipment,165.55,34.489582,,4.8,98.27,176.14,9958279168,596494016,2.476071,4.2541437,http://www.sec.gov/cgi-bin/browse-edgar?action=getcompany&CIK=GNRC
GD,General Dynamics,Aerospace & Defense,291.61,22.243324,0.0188,13.11,238.31,313.11,80183705600,5402999808,1.7413827,3.4847398,http://www.sec.gov/cgi-bin/browse-edgar?action=getcompany&CIK=GD
GIS,General Mills,Packaged Foods & Meats,68.02,16.195238,0.0352,4.2,61.48,75.9,37761912832,4214599936,1.9071095,4.0757384,http://www.sec.gov/cgi-bin/browse-edgar?action=getcompany&CIK=GIS
GM,General Motors,Automobile Manufacturers,50.76,5.4172893,0.0092,9.37,26.3,54.3,55815692288,18371000320,0.30547282,0.7871476,http://www.sec.gov/cgi-bin/browse-edgar?action=getcompany&CIK=GM
GPC,Genuine Parts Company,Distributors,114.7,14.780927,0.0344,7.76,112.74,164.45,15947428864,2055010944,0.68437207,3.3966062,http://www.sec.gov/cgi-bin/browse-edgar?action=getcompany&CIK=GPC
GILD,Gilead Sciences,Biotechnology,88.82,108.31707,0.0349,0.82,62.07,89.74,110580006912,13461999616,3.9769828,6.0537076,http://www.sec.gov/cgi-bin/browse-edgar?action=getcompany&CIK=GILD
GPN,Global Payments,Transaction & Payment Processing Services,103.71,19.567924,0.0097,5.3,91.6,141.78,26384031744,4040036096,2.632002,1.1566128,http://www.sec.gov/cgi-bin/browse-edgar?action=getcompany&CIK=GPN
GL,Globe Life,Life & Health Insurance,105.6,8.949152,0.0091,11.8,38.95,132.0,9610719232,1489904000,1.6780006,1.8188394,http://www.sec.gov/cgi-bin/browse-edgar?action=getcompany&CIK=GL
GDDY,GoDaddy,Internet Services & Infrastructure,166.8,13.888426,,12.01,74.12,171.904,23514296320,1022600000,5.2476726,65.72104,http://www.sec.gov/cgi-bin/browse-edgar?action=getcompany&CIK=GDDY
GS,Goldman Sachs,Investment Banking & Brokerage,517.79,15.166666,0.0229,34.14,308.0,540.51,163518070784,,3.3109536,1.5608636,http://www.sec.gov/cgi-bin/browse-edgar?action=getcompany&CIK=GS
HAL,Halliburton,Oil & Gas Equipment & Services,27.74,9.215947,0.024600001,3.01,27.26,41.56,24489676800,5160000000,1.0565003,2.449448,http://www.sec.gov/cgi-bin/browse-edgar?action=getcompany&CIK=HAL
HIG,Hartford (The),Property & Casualty Insurance,110.44,11.088353,0.0185,9.96,72.87,123.23,32015562752,4254000128,1.2274023,1.9262232,http://www.sec.gov/cgi-bin/browse-edgar?action=getcompany&CIK=HIG
HAS,Hasbro,Leisure Products,65.63,,0.042,-4.64,42.66,73.46,9149281280,835299968,2.1165173,6.9900947,http://www.sec.gov/cgi-bin/browse-edgar?action=getcompany&CIK=HAS
HCA,HCA Healthcare,Health Care Facilities,358.74,16.108665,0.0073,22.27,225.32,417.14,92581462016,13747000320,1.3297923,,http://www.sec.gov/cgi-bin/browse-edgar?action=getcompany&CIK=HCA
DOC,Healthpeak Properties,Health Care REITs,22.45,45.816326,0.052800003,0.49,15.44,23.26,15702496256,1400305024,6.1431155,1.8337009,http://www.sec.gov/cgi-bin/browse-edgar?action=getcompany&CIK=DOC
HSIC,Henry Schein,Health Care Distributors,70.23,25.91513,,2.71,60.01,82.63,8898703360,887000000,0.7126374,2.5412507,http://www.sec.gov/cgi-bin/browse-edgar?action=getcompany&CIK=HSIC
HSY,Hershey Company (The),Packaged Foods & Meats,177.58,19.66556,0.0309,9.03,176.78,211.92,35922305024,3018906880,3.2614162,8.957829,http://www.sec.gov/cgi-bin/browse-edgar?action=getcompany&CIK=HSY
HES,Hess Corporation,Integrated Oil & Gas,134.48,15.691949,0.0149,8.57,123.79,163.98,41435303936,7015000064,3.3225327,3.831448,http://www.sec.gov/cgi-bin/browse-edgar?action=getcompany&CIK=HES
HPE,Hewlett Packard Enterprise,"Technology Hardware, Storage & Peripherals",19.49,13.822695,0.0256,1.41,14.465,22.82,25311076352,4909000192,0.87219423,1.1462009,http://www.sec.gov/cgi-bin/browse-edgar?action=getcompany&CIK=HPE
HLT,Hilton Worldwide,"Hotels, Resorts & Cruise Lines",234.85,50.28908,0.0025,4.67,148.25,241.24,57251733504,2456999936,12.194192,,http://www.sec.gov/cgi-bin/browse-edgar?action=getcompany&CIK=HLT
HOLX,Hologic,Health Care Equipment,80.87,27.600683,,2.93,66.53,84.67,18783838208,1242700032,4.710562,3.7904854,http://www.sec.gov/cgi-bin/browse-edgar?action=getcompany&CIK=HOLX
HD,Home Depot (The),Home Improvement Retail,393.75,26.461693,0.0229,14.88,286.79,421.56,391109115904,24578000896,2.5715804,88.463264,http://www.sec.gov/cgi-bin/browse-edgar?action=getcompany&CIK=HD
HON,Honeywell,Industrial Conglomerates,205.68,23.750576,0.0221,8.66,183.2,222.98,133742796800,9164000256,3.5334952,7.683801,http://www.sec.gov/cgi-bin/browse-edgar?action=getcompany&CIK=HON
HRL,Hormel Foods,Packaged Foods & Meats,30.55,21.363636,0.0369,1.43,28.51,36.86,16752521216,1353831040,1.3982824,2.129365,http://www.sec.gov/cgi-bin/browse-edgar?action=getcompany&CIK=HRL
HST,Host Hotels & Resorts,Hotel & Resort REITs,17.24,16.264153,0.045100003,1.06,15.71,21.31,24646991872,1486000000,4.498447,1.7769532,http://www.sec.gov/cgi-bin/browse-edgar?action=getcompany&CIK=HST
HWM,Howmet Aerospace,Aerospace & Defense,99.72,44.32,0.0032,2.25,47.72,106.93,40700420096,1664999936,5.7381105,9.633852,http://www.sec.gov/cgi-bin/browse-edgar?action=getcompany&CIK=HWM
HPQ,HP Inc.,"Technology Hardware, Storage & Peripherals",35.52,12.463159,0.030199999,2.85,26.67,39.52,34220253184,5045000192,0.6417782,,http://www.sec.gov/cgi-bin/browse-edgar?action=getcompany&CIK=HPQ
HUBB,Hubbell Incorporated,Industrial Machinery & Supplies & Components,427.03,30.721584,0.012200001,13.9,274.42,461.77,22918914048,1265900032,4.0636373,7.132621,http://www.sec.gov/cgi-bin/browse-edgar?action=getcompany&CIK=HUBB
HUM,Humana,Managed Health Care,257.83,22.517902,0.013300001,11.45,213.31,527.18,31045566464,3751000064,0.26993796,1.767472,http://www.sec.gov/cgi-bin/browse-edgar?action=getcompany&CIK=HUM
HBAN,Huntington Bancshares,Regional Banks,15.59,15.135922,0.0394,1.03,9.75,16.04,22649307136,,3.3855467,1.2436184,http://www.sec.gov/cgi-bin/browse-edgar?action=getcompany&CIK=HBAN
HII,Huntington Ingalls Industries,Aerospace & Defense,184.96,9.81741,0.0216,18.84,184.29,299.5,7253243904,1160000000,0.61598676,1.7380519,http://www.sec.gov/cgi-bin/browse-edgar?action=getcompany&CIK=HII
IBM,IBM,IT Consulting & Other Services,206.72,30.13411,0.0326,6.86,144.84,237.37,191142608896,14382000128,3.0542746,7.809596,http://www.sec.gov/cgi-bin/browse-edgar?action=getcompany&CIK=IBM
IEX,IDEX Corporation,Industrial Machinery & Supplies & Components,214.64,33.226006,0.0128999995,6.46,189.33,246.36,16556147712,858800000,5.182217,4.254678,http://www.sec.gov/cgi-bin/browse-edgar?action=getcompany&CIK=IEX
IDXX,Idexx Laboratories,Health Care Equipment,406.92,40.449303,,10.06,395.37,583.39,33491918848,1265662976,8.849056,21.237997,http://www.sec.gov/cgi-bin/browse-edgar?action=getcompany&CIK=IDXX
ITW,Illinois Tool Works,Industrial Machinery & Supplies & Components,261.13,22.608658,0.0227,11.55,225.88,271.15,77529497600,4649999872,4.8610883,22.802132,http://www.sec.gov/cgi-bin/browse-edgar?action=getcompany&CIK=ITW
INCY,Incyte,Biotechnology,74.12,823.55554,,0.09,50.35,74.6628,14279218176,110782000,3.5033634,4.5022173,http://www.sec.gov/cgi-bin/browse-edgar?action=getcompany&CIK=INCY
IR,Ingersoll Rand,Industrial Machinery & Supplies & Components,96.0,47.524754,0.0008,2.02,62.12,102.74,38734462976,1830700032,5.505417,3.8924706,http://www.sec.gov/cgi-bin/browse-edgar?action=getcompany&CIK=IR
PODD,Insulet Corporation,Health Care Equipment,231.53,41.867992,,5.53,137.69,243.98,16233842688,364000000,8.668683,16.259129,http://www.sec.gov/cgi-bin/browse-edgar?action=getcompany&CIK=PODD
INTC,Intel,Semiconductors,21.52,89.66667,0.0224,0.24,18.51,51.28,92019523584,10588999680,1.6694096,0.79857504,http://www.sec.gov/cgi-bin/browse-edgar?action=getcompany&CIK=INTC
ICE,Intercontinental Exchange,Financial Exchanges & Data,155.87,38.677418,0.0108,4.03,104.91,167.99,89491513344,5344000000,10.156795,3.346717,http://www.sec.gov/cgi-bin/browse-edgar?action=getcompany&CIK=ICE
IFF,International Flavors & Fragrances,Specialty Chemicals,99.43,,0.0161,-9.22,68.45,106.77,25857368064,1820999936,2.2860374,1.7833698,http://www.sec.gov/cgi-bin/browse-edgar?action=getcompany&CIK=IFF
IP,International Paper,Paper & Plastic Packaging Products & Materials,55.54,42.39695,0.0377,1.31,31.77,56.25,19293429760,2070000000,1.0391247,2.244222,http://www.sec.gov/cgi-bin/browse-edgar?action=getcompany&CIK=IP
IPG,Interpublic Group of Companies (The),Advertising,29.4,13.867925,0.044099998,2.12,28.0,35.17,10951763968,1732099968,1.1727037,2.939412,http://www.sec.gov/cgi-bin/browse-edgar?action=getcompany&CIK=IPG
INTU,Intuit,Application Software,610.3,58.457855,0.0067000003,10.44,489.55,676.62,171062198272,4496000000,10.50428,9.277896,http://www.sec.gov/cgi-bin/browse-edgar?action=getcompany&CIK=INTU
ISRG,Intuitive Surgical,Health Care Equipment,503.84,81.00322,,6.22,269.49,523.34,179457228800,2505100032,22.811684,11.516606,http://www.sec.gov/cgi-bin/browse-edgar?action=getcompany&CIK=ISRG
IVZ,Invesco,Asset Management & Custody Banks,17.34,,0.046,-0.91,12.68,18.79,7793289728,1053000000,1.3237236,0.72537124,http://www.sec.gov/cgi-bin/browse-edgar?action=getcompany&CIK=IVZ
INVH,Invitation Homes,Single-Family Residential REITs,31.41,43.624996,0.0337,0.72,30.2,37.8,19241955328,1416775936,7.498065,1.940446,http://www.sec.gov/cgi-bin/browse-edgar?action=getcompany&CIK=INVH
IQV,IQVIA,Life Sciences Tools & Services,205.82,26.76463,,7.69,181.03,261.73,37520986112,2779000064,2.4758155,5.588531,http://www.sec.gov/cgi-bin/browse-edgar?action=getcompany&CIK=IQV
IRM,Iron Mountain,Other Specialized REITs,123.73,158.62822,0.0224,0.78,57.36,130.24,36294463488,1946280960,6.236938,,http://www.sec.gov/cgi-bin/browse-edgar?action=getcompany&CIK=IRM
JBHT,J.B. Hunt,Cargo Ground Transportation,180.62,32.89982,0.0095,5.49,153.12,219.51,18211913728,1577556992,1.4873478,4.552718,http://www.sec.gov/cgi-bin/browse-edgar?action=getcompany&CIK=JBHT
SJM,J.M. Smucker Company (The),Packaged Foods & Meats,113.51,16.055162,0.0379,7.07,105.69,134.62,12078145536,1977900032,1.4211924,1.5545908,http://www.sec.gov/cgi-bin/browse-edgar?action=getcompany&CIK=SJM
JBL,Jabil,Electronic Manufacturing Services,123.09,11.02957,0.0026,11.16,95.85,156.94,13990286336,2143000064,0.4843779,8.060375,http://www.sec.gov/cgi-bin/browse-edgar?action=getcompany&CIK=JBL
JKHY,Jack Henry & Associates,Transaction & Payment Processing Services,181.93,34.78585,0.012,5.23,141.32,186.93,13265861632,551337024,5.987634,7.1960287,http://www.sec.gov/cgi-bin/browse-edgar?action=getcompany&CIK=JKHY
J,Jacobs Solutions,Construction & Engineering,140.58,27.67323,0.0082,5.08,100.84377,144.56,17466783744,1476304000,1.0305732,2.639901,http://www.sec.gov/cgi-bin/browse-edgar?action=getcompany&CIK=J
JNJ,Johnson & Johnson,Pharmaceuticals,159.86,26.42314,0.0309,6.05,143.13,168.85,384882147328,30182000640,4.388822,5.485177,http://www.sec.gov/cgi-bin/browse-edgar?action=getcompany&CIK=JNJ
JCI,Johnson Controls,Building Products,75.55,31.743698,0.0194,2.38,49.64,78.23,50468462592,3814000128,1.874061,3.1605592,http://www.sec.gov/cgi-bin/browse-edgar?action=getcompany&CIK=JCI
JPM,JPMorgan Chase,Diversified Banks,221.92,12.328889,0.0223,18.0,139.23,226.75,624771399680,,3.9185607,1.9272085,http://www.sec.gov/cgi-bin/browse-edgar?action=getcompany&CIK=JPM
JNPR,Juniper Networks,Communications Equipment,38.9,54.788734,0.0226,0.71,25.83,39.79,12804441088,547600000,2.5101333,2.8106937,http://www.sec.gov/cgi-bin/browse-edgar?action=getcompany&CIK=JNPR
K,Kellanova,Packaged Foods & Meats,80.65,32.131474,0.028199999,2.51,50.81,81.26,27797395456,1896000000,2.1681144,8.347997,http://www.sec.gov/cgi-bin/browse-edgar?action=getcompany&CIK=K
KVUE,Kenvue,Personal Care Products,22.93,40.228073,0.0358,0.57,17.67,23.55,43914850304,3627000064,2.837793,4.314205,http://www.sec.gov/cgi-bin/browse-edgar?action=getcompany&CIK=KVUE
KDP,Keurig Dr Pepper,Soft Drinks & Non-alcoholic Beverages,32.95,19.849398,0.0279,1.66,28.62,38.28,44695031808,4230000128,2.9505565,1.7899826,http://www.sec.gov/cgi-bin/browse-edgar?action=getcompany&CIK=KDP
KEY,KeyCorp,Regional Banks,17.25,Infinity,0.0469,,10.25,17.94,17099079680,,3.5241303,1.1913806,http://www.sec.gov/cgi-bin/browse-edgar?action=getcompany&CIK=KEY
KEYS,Keysight Technologies,Electronic Equipment & Instruments,149.01,28.65577,,5.2,119.72,162.51,25859643392,1187000064,5.1688275,4.943764,http://www.sec.gov/cgi-bin/browse-edgar?action=getcompany&CIK=KEYS
KMB,Kimberly-Clark,Household Products,134.18,17.380829,0.0363,7.72,117.67,149.31,44747014144,3897999872,2.2262197,34.82481,http://www.sec.gov/cgi-bin/browse-edgar?action=getcompany&CIK=KMB
KIM,Kimco Realty,Retail REITs,23.72,43.925922,0.04,0.54,17.52,24.67,15989936128,1162358016,8.408441,1.5115019,http://www.sec.gov/cgi-bin/browse-edgar?action=getcompany&CIK=KIM
KMI,Kinder Morgan,Oil & Gas Storage & Transportation,24.51,21.690266,0.0463,1.13,16.17,25.43,54452396032,6568999936,3.5939806,1.7908813,http://www.sec.gov/cgi-bin/browse-edgar?action=getcompany&CIK=KMI
KKR,KKR,Asset Management & Custody Banks,138.24,32.758297,0.005,4.22,57.49,147.15,127459770368,,4.578953,5.66047,http://www.sec.gov/cgi-bin/browse-edgar?action=getcompany&CIK=KKR
KLAC,KLA Corporation,Semiconductor Materials & Equipment,666.23,30.477125,0.0084,21.86,484.33,896.32,89258827776,4249192960,8.702377,25.104755,http://www.sec.gov/cgi-bin/browse-edgar?action=getcompany&CIK=KLAC
KHC,Kraft Heinz,Packaged Foods & Meats,33.46,30.144142,0.047399998,1.11,31.58,38.96,40458829824,6416000000,1.548367,0.83775663,http://www.sec.gov/cgi-bin/browse-edgar?action=getcompany&CIK=KHC
KR,Kroger,Food Retail,55.77,14.599477,0.023,3.82,42.1,58.34,40348815360,8067999744,0.26863033,4.5201817,http://www.sec.gov/cgi-bin/browse-edgar?action=getcompany&CIK=KR
LHX,L3Harris,Aerospace & Defense,247.47,39.094788,0.0189,6.33,179.0,258.89,46937141248,3705999872,2.22009,2.4690707,http://www.sec.gov/cgi-bin/browse-edgar?action=getcompany&CIK=LHX
LH,LabCorp,Health Care Services,228.27,43.232952,0.0125,5.28,191.97,239.5,19092342784,1673500032,1.5018204,2.3385205,http://www.sec.gov/cgi-bin/browse-edgar?action=getcompany&CIK=LH
LRCX,Lam Research,Semiconductor Materials & Equipment,74.35,24.06149,0.012,3.09,61.82,113.0,95665405952,4920197120,6.13582,11.339026,http://www.sec.gov/cgi-bin/browse-edgar?action=getcompany&CIK=LRCX
LW,Lamb Weston,Packaged Foods & Meats,77.69,18.23709,0.0186,4.26,52.99,111.875,11078438912,1294400000,1.7158849,6.0313644,http://www.sec.gov/cgi-bin/browse-edgar?action=getcompany&CIK=LW
LVS,Las Vegas Sands,Casinos & Gaming,51.85,25.668316,0.0150999995,2.02,36.62,55.66,37592596480,3863000064,3.321781,10.971223,http://www.sec.gov/cgi-bin/browse-edgar?action=getcompany&CIK=LVS
LDOS,Leidos,Diversified Support Services,183.16,21.150116,0.0086,8.66,100.17,188.36,24783927296,2056999936,1.5226349,5.29303,http://www.sec.gov/cgi-bin/browse-edgar?action=getcompany&CIK=LDOS
LEN,Lennar,Homebuilding,170.3,11.308101,0.0117,15.06,113.44,193.8,45868261376,5534482944,1.2579485,1.6851043,http://www.sec.gov/cgi-bin/browse-edgar?action=getcompany&CIK=LEN
LLY,Lilly (Eli),Pharmaceuticals,829.74,89.0279,0.0061000003,9.32,561.65,972.53,787685441536,16528900096,19.276108,55.0883,http://www.sec.gov/cgi-bin/browse-edgar?action=getcompany&CIK=LLY
LIN,Linde plc,Industrial Gases,456.15,34.794052,0.0117,13.11,385.12,487.49,217812992000,12398000128,6.6357846,5.705013,http://www.sec.gov/cgi-bin/browse-edgar?action=getcompany&CIK=LIN
LYV,Live Nation Entertainment,Movies & Entertainment,117.14,106.490906,,1.1,80.42,119.47,27189833728,1813392000,1.141763,,http://www.sec.gov/cgi-bin/browse-edgar?action=getcompany&CIK=LYV
LKQ,LKQ Corporation,Distributors,36.79,13.575645,0.0322,2.71,35.57,53.68,9566503936,1732000000,0.6598044,1.541459,http://www.sec.gov/cgi-bin/browse-edgar?action=getcompany&CIK=LKQ
LMT,Lockheed Martin,Aerospace & Defense,546.05,19.770094,0.0242,27.62,413.92,618.95,128340860928,10225999872,1.8001384,17.898584,http://www.sec.gov/cgi-bin/browse-edgar?action=getcompany&CIK=LMT
L,Loews Corporation,Multi-line Insurance,78.96,11.577712,0.0031,6.82,64.48,83.54,17332273152,2979000064,1.0389805,1.0588424,http://www.sec.gov/cgi-bin/browse-edgar?action=getcompany&CIK=L
LOW,Lowe's,Home Improvement Retail,261.83,21.638842,0.0176,12.1,189.05,287.01,148534591488,12433000448,1.7677848,,http://www.sec.gov/cgi-bin/browse-edgar?action=getcompany&CIK=LOW
LULU,Lululemon Athletica,"Apparel, Accessories & Luxury Goods",297.9,23.057276,,12.92,226.01,516.39,36575268864,2699964928,3.6614482,9.142243,http://www.sec.gov/cgi-bin/browse-edgar?action=getcompany&CIK=LULU
LYB,LyondellBasell,Specialty Chemicals,86.85,12.215189,0.0615,7.11,86.74,107.02,28233977856,4640000000,0.6880127,2.0992458,http://www.sec.gov/cgi-bin/browse-edgar?action=getcompany&CIK=LYB
MTB,M&T Bank,Regional Banks,194.68,14.410066,0.0273,13.51,112.6,200.94,32511752192,,3.8253622,1.2264465,http://www.sec.gov/cgi-bin/browse-edgar?action=getcompany&CIK=MTB
MRO,Marathon Oil,Oil & Gas Exploration & Production,27.7,10.820313,0.016900001,2.56,21.81,30.06,15494908928,4281999872,2.3509192,1.3817528,http://www.sec.gov/cgi-bin/browse-edgar?action=getcompany&CIK=MRO
MPC,Marathon Petroleum,Oil & Gas Refining & Marketing,145.47,7.6322145,0.0228,19.06,140.98,221.11,48686481408,13656999936,0.3272557,2.3262546,http://www.sec.gov/cgi-bin/browse-edgar?action=getcompany&CIK=MPC
MKTX,MarketAxess,Financial Exchanges & Data,289.42,42.37482,0.0101,6.83,192.42,297.97,11084352512,391422016,14.256218,8.226833,http://www.sec.gov/cgi-bin/browse-edgar?action=getcompany&CIK=MKTX
MAR,Marriott International,"Hotels, Resorts & Cruise Lines",260.02,26.028027,0.0095,9.99,180.75,266.58,73201606656,4272999936,11.315753,,http://www.sec.gov/cgi-bin/browse-edgar?action=getcompany&CIK=MAR
MMC,Marsh McLennan,Insurance Brokers,218.24,27.245943,0.0147,8.01,184.28,232.32,108547776512,7246000128,4.5332127,7.828957,http://www.sec.gov/cgi-bin/browse-edgar?action=getcompany&CIK=MMC
MLM,Martin Marietta Materials,Construction Materials,592.34,18.37283,0.0052,32.24,438.53,626.67,36202696704,3275500032,5.5583577,3.946355,http://www.sec.gov/cgi-bin/browse-edgar?action=getcompany&CIK=MLM
MAS,Masco,Building Products,79.91,21.25266,0.014400001,3.76,53.44,86.7,17240502272,1494000000,2.187326,,http://www.sec.gov/cgi-bin/browse-edgar?action=getcompany&CIK=MAS
MA,Mastercard,Transaction & Payment Processing Services,499.59,38.13664,0.0050999997,13.1,378.49,527.8921,461538721792,16243999744,17.489153,62.30856,http://www.sec.gov/cgi-bin/browse-edgar?action=getcompany&CIK=MA
MTCH,Match Group,Interactive Media & Services,36.03,15.665217,,2.3,27.655,42.425,9291957248,1016995968,2.6766088,,http://www.sec.gov/cgi-bin/browse-edgar?action=getcompany&CIK=MTCH
MKC,McCormick & Company,Packaged Foods & Meats,78.24,26.612244,0.0216,2.94,63.67,85.49,20991555584,1270200064,3.1431544,3.8726923,http://www.sec.gov/cgi-bin/browse-edgar?action=getcompany&CIK=MKC
MCD,McDonald's,Restaurants,292.11,25.623684,0.024300002,11.4,243.53,317.9,209543053312,13808499712,8.078395,,http://www.sec.gov/cgi-bin/browse-edgar?action=getcompany&CIK=MCD
MCK,McKesson Corporation,Health Care Distributors,500.59,22.377737,0.0057,22.37,431.35,637.51,64915009536,5144000000,0.20689976,,http://www.sec.gov/cgi-bin/browse-edgar?action=getcompany&CIK=MCK
MDT,Medtronic,Health Care Equipment,89.25,30.050505,0.0309,2.97,69.32,92.68,114472042496,9013000192,3.5138915,2.387257,http://www.sec.gov/cgi-bin/browse-edgar?action=getcompany&CIK=MDT
MRK,Merck & Co.,Pharmaceuticals,102.32,18.948147,0.0294,5.4,98.6,134.63,259361767424,23631998976,4.151117,5.9529905,http://www.sec.gov/cgi-bin/browse-edgar?action=getcompany&CIK=MRK
META,Meta Platforms,Interactive Media & Services,567.58,29.076845,0.0034,19.52,308.33,602.95,1435875278848,80061997056,9.190955,8.72435,http://www.sec.gov/cgi-bin/browse-edgar?action=getcompany&CIK=META
MET,MetLife,Life & Health Insurance,78.42,21.309782,0.026199998,3.68,58.89,86.95,54919483392,6504000000,0.7697842,1.9094229,http://www.sec.gov/cgi-bin/browse-edgar?action=getcompany&CIK=MET
MTD,Mettler Toledo,Life Sciences Tools & Services,1291.75,35.55601,,36.33,953.28,1546.93,27409901568,1141410944,7.309009,,http://www.sec.gov/cgi-bin/browse-edgar?action=getcompany&CIK=MTD
MGM,MGM Resorts,Casinos & Gaming,36.87,13.860902,,2.66,33.44,48.25,11199998976,2552780032,0.65835786,3.4997625,http://www.sec.gov/cgi-bin/browse-edgar?action=getcompany&CIK=MGM
MCHP,Microchip Technology,Semiconductors,73.37,29.231077,0.024,2.51,71.77,100.57,39363371008,2720900096,5.975827,6.1448917,http://www.sec.gov/cgi-bin/browse-edgar?action=getcompany&CIK=MCHP
MU,Micron Technology,Semiconductors,99.65,142.35715,0.0044,0.7,69.75,157.54,110485938176,8944000000,4.3999023,2.4487038,http://www.sec.gov/cgi-bin/browse-edgar?action=getcompany&CIK=MU
MSFT,Microsoft,Systems Software,406.35,33.554916,0.0077,12.11,344.77,468.35,3021163462656,136551997440,11.885454,10.5019,http://www.sec.gov/cgi-bin/browse-edgar?action=getcompany&CIK=MSFT
MAA,Mid-America Apartment Communities,Multi-Family Residential REITs,151.34,34.395454,0.038599998,4.4,118.69,167.39,18622386176,1247806976,8.52896,2.9665785,http://www.sec.gov/cgi-bin/browse-edgar?action=getcompany&CIK=MAA
MRNA,Moderna,Biotechnology,54.36,,,-15.35,52.26,170.47,20895766528,-4107000064,4.1377754,1.7822951,http://www.sec.gov/cgi-bin/browse-edgar?action=getcompany&CIK=MRNA
MHK,Mohawk Industries,Home Furnishings,134.27,15.154629,,8.86,78.3,164.29,8475297280,1549473024,0.78387773,1.0793582,http://www.sec.gov/cgi-bin/browse-edgar?action=getcompany&CIK=MHK
MOH,Molina Healthcare,Managed Health Care,321.22,16.498203,,19.47,272.69,423.92,18543677440,1814000000,0.4939185,3.8384879,http://www.sec.gov/cgi-bin/browse-edgar?action=getcompany&CIK=MOH
TAP,Molson Coors Beverage Company,Brewers,54.47,9.994496,0.0317,5.45,49.19,69.18,11290432512,2558799872,0.94576377,0.9418824,http://www.sec.gov/cgi-bin/browse-edgar?action=getcompany&CIK=TAP
MDLZ,Mondelez International,Packaged Foods & Meats,68.48,24.28369,0.0269,2.82,64.18,77.2,91570774016,7824000000,2.5330079,3.2919912,http://www.sec.gov/cgi-bin/browse-edgar?action=getcompany&CIK=MDLZ
MPWR,Monolithic Power Systems,Semiconductors,759.3,104.15638,0.0054,7.29,459.69,959.64,44867416064,521920992,21.999794,15.749518,http://www.sec.gov/cgi-bin/browse-edgar?action=getcompany&CIK=MPWR
MNST,Monster Beverage,Soft Drinks & Non-alcoholic Beverages,52.68,32.925,,1.6,43.32,61.23,51599007744,2149065984,6.9862156,8.831517,http://www.sec.gov/cgi-bin/browse-edgar?action=getcompany&CIK=MNST
MCO,Moody's Corporation,Financial Exchanges & Data,454.04,41.578754,0.0074,10.92,317.54,495.1,82286125056,3313999872,11.932443,21.072075,http://www.sec.gov/cgi-bin/browse-edgar?action=getcompany&CIK=MCO
MS,Morgan Stanley,Investment Banking & Brokerage,116.25,17.667173,0.031400003,6.58,71.65,121.45,187394998272,,3.215315,2.046655,http://www.sec.gov/cgi-bin/browse-edgar?action=getcompany&CIK=MS
MOS,Mosaic Company (The),Fertilizers & Agricultural Chemicals,26.76,35.68,0.0309,0.75,24.12,38.3,8526753280,1936600064,0.69926953,0.732288,http://www.sec.gov/cgi-bin/browse-edgar?action=getcompany&CIK=MOS
MSI,Motorola Solutions,Communications Equipment,449.35,52.494156,0.0087,8.56,276.45,480.28,74969997312,3068999936,7.194127,93.45882,http://www.sec.gov/cgi-bin/browse-edgar?action=getcompany&CIK=MSI
MSCI,MSCI,Financial Exchanges & Data,571.2,37.603687,0.0112,15.19,439.95,631.7,44782080000,1629670016,15.978049,,http://www.sec.gov/cgi-bin/browse-edgar?action=getcompany&CIK=MSCI
NDAQ,"Nasdaq, Inc.",Financial Exchanges & Data,73.92,44.53012,0.0127,1.66,48.82,76.71,42486112256,2512000000,6.0547404,3.8372092,http://www.sec.gov/cgi-bin/browse-edgar?action=getcompany&CIK=NDAQ
NTAP,NetApp,"Technology Hardware, Storage & Peripherals",115.31,22.565557,0.0175,5.11,73.63,135.01,23613528064,1582000000,3.7029212,25.443512,http://www.sec.gov/cgi-bin/browse-edgar?action=getcompany&CIK=NTAP
NFLX,Netflix,Movies & Entertainment,756.03,42.689445,,17.71,417.1,773.0,323171057664,9976898560,8.597883,14.223657,http://www.sec.gov/cgi-bin/browse-edgar?action=getcompany&CIK=NFLX
NEM,Newmont,Gold,45.44,,0.021300001,-2.19,29.42,58.72,51731169280,6008999936,3.0453389,1.7495764,http://www.sec.gov/cgi-bin/browse-edgar?action=getcompany&CIK=NEM
NWSA,News Corp (Class A),Publishing,27.25,59.23913,0.0073,0.46,20.35,28.62,15849935872,1220000000,1.5716347,1.9098682,http://www.sec.gov/cgi-bin/browse-edgar?action=getcompany&CIK=NWSA
NWS,News Corp (Class B),Publishing,29.04,63.130436,0.0069,0.46,21.19,29.61,15819104256,1220000000,1.5685775,2.0353239,http://www.sec.gov/cgi-bin/browse-edgar?action=getcompany&CIK=NWS
NEE,NextEra Energy,Multi-Utilities,79.25,23.516321,0.025999999,3.37,53.81,86.1,162969698304,14577999872,6.2093153,3.2560909,http://www.sec.gov/cgi-bin/browse-edgar?action=getcompany&CIK=NEE
NKE,"Nike, Inc.","Apparel, Accessories & Luxury Goods",77.13,22.100286,0.0194,3.49,70.75,123.39,114807996416,7200999936,2.295609,8.247434,http://www.sec.gov/cgi-bin/browse-edgar?action=getcompany&CIK=NKE
NI,NiSource,Multi-Utilities,35.16,21.439024,0.0308,1.64,24.58,35.48,16411950080,2277499904,3.1318126,2.020922,http://www.sec.gov/cgi-bin/browse-edgar?action=getcompany&CIK=NI
NDSN,Nordson Corporation,Industrial Machinery & Supplies & Components,247.89,30.56597,0.0124,8.11,213.04,279.38,14350277632,818784000,5.3852205,4.9670386,http://www.sec.gov/cgi-bin/browse-edgar?action=getcompany&CIK=NDSN
NSC,Norfolk Southern Railway,Rail Transportation,250.43,23.470478,0.0214,10.67,190.01,263.66,56657281024,5938999808,4.654722,4.110059,http://www.sec.gov/cgi-bin/browse-edgar?action=getcompany&CIK=NSC
NTRS,Northern Trust,Asset Management & Custody Banks,100.52,12.518057,0.0296,8.03,67.46,104.25,19924873216,,2.5357454,1.6794199,http://www.sec.gov/cgi-bin/browse-edgar?action=getcompany&CIK=NTRS
NOC,Northrop Grumman,Aerospace & Defense,509.02,31.382244,0.0163,16.22,418.6,555.57,74161668096,4457999872,1.809483,5.0326767,http://www.sec.gov/cgi-bin/browse-edgar?action=getcompany&CIK=NOC
NCLH,Norwegian Cruise Line Holdings,"Hotels, Resorts & Cruise Lines",25.34,26.12371,,0.97,12.71,26.72,11141770240,2153138944,1.2262299,16.07868,http://www.sec.gov/cgi-bin/browse-edgar?action=getcompany&CIK=NCLH
NRG,NRG Energy,Independent Power Producers & Energy Traders,90.4,9.912281,0.0184,9.12,41.73,96.4,18656751616,3696999936,0.64688295,6.3093243,http://www.sec.gov/cgi-bin/browse-edgar?action=getcompany&CIK=NRG
NUE,Nucor,Steel,141.84,13.6515875,0.0150999995,10.39,133.42,203.0,33664020480,4940151808,1.0733693,1.6382536,http://www.sec.gov/cgi-bin/browse-edgar?action=getcompany&CIK=NUE
NVDA,Nvidia,Semiconductors,132.76,62.328632,0.00029999999,2.13,42.894,144.42,3256602591232,61184000000,33.814804,56.064186,http://www.sec.gov/cgi-bin/browse-edgar?action=getcompany&CIK=NVDA
NVR,"NVR, Inc.",Homebuilding,9152.81,18.730042,,488.67,5600.56,9964.77,28051439616,2071149952,2.7283678,6.567505,http://www.sec.gov/cgi-bin/browse-edgar?action=getcompany&CIK=NVR
NXPI,NXP Semiconductors,Semiconductors,234.5,21.977507,0.0165,10.67,173.31,296.08,59734888448,4696000000,4.5567846,6.630287,http://www.sec.gov/cgi-bin/browse-edgar?action=getcompany&CIK=NXPI
ORLY,O'Reilly Auto Parts,Automotive Retail,1153.14,28.507788,,40.45,914.5,1221.18,66696351744,3685244928,4.0557485,,http://www.sec.gov/cgi-bin/browse-edgar?action=getcompany&CIK=ORLY
OXY,Occidental Petroleum,Oil & Gas Exploration & Production,50.11,12.981866,0.0175,3.86,49.66,71.19,46861668352,12232999936,1.7278103,1.9093161,http://www.sec.gov/cgi-bin/browse-edgar?action=getcompany&CIK=OXY
ODFL,Old Dominion,Cargo Ground Transportation,201.32,35.13438,0.0050999997,5.73,165.49,227.8,43142270976,1969339008,7.281972,10.321457,http://www.sec.gov/cgi-bin/browse-edgar?action=getcompany&CIK=ODFL
OMC,Omnicom Group,Advertising,101.0,13.797813,0.0274,7.32,74.41,106.51,19704391680,2420600064,1.2772003,4.9869156,http://www.sec.gov/cgi-bin/browse-edgar?action=getcompany&CIK=OMC
ON,ON Semiconductor,Semiconductors,70.49,17.491314,,4.03,59.34,86.77,30014429184,2716600064,4.0681534,3.4953141,http://www.sec.gov/cgi-bin/browse-edgar?action=getcompany&CIK=ON
OKE,ONEOK,Oil & Gas Storage & Transportation,96.88,21.433628,0.041199997,4.52,63.33,98.43,56595742720,4832999936,2.8392987,3.3513212,http://www.sec.gov/cgi-bin/browse-edgar?action=getcompany&CIK=OKE
ORCL,Oracle Corporation,Application Software,167.84,43.25773,0.0092,3.88,99.26,178.61,465094705152,21802999808,8.642473,43.002815,http://www.sec.gov/cgi-bin/browse-edgar?action=getcompany&CIK=ORCL
OTIS,Otis Worldwide,Industrial Machinery & Supplies & Components,98.2,24.42786,0.0159,4.02,77.51,106.33,39334502400,2239000064,2.7688653,,http://www.sec.gov/cgi-bin/browse-edgar?action=getcompany&CIK=OTIS
PCAR,Paccar,Construction Machinery & Heavy Transportation Equipment,104.28,11.66443,0.0114,8.94,83.18,125.5,54674108416,5951200256,1.5696112,2.9294603,http://www.sec.gov/cgi-bin/browse-edgar?action=getcompany&CIK=PCAR
PKG,Packaging Corporation of America,Paper & Plastic Packaging Products & Materials,228.94,26.682983,0.0219,8.58,148.5,232.98,20561514496,1628499968,2.5151393,4.9469523,http://www.sec.gov/cgi-bin/browse-edgar?action=getcompany&CIK=PKG
PLTR,Palantir Technologies,Internet Services & Infrastructure,41.56,244.4706,,0.17,15.664,45.14,93071548416,325126016,37.544273,22.961327,http://www.sec.gov/cgi-bin/browse-edgar?action=getcompany&CIK=PLTR
PANW,Palo Alto Networks,Systems Software,360.33,49.36027,,7.3,233.81,384.0,117918351360,1094400000,14.6893,22.659412,http://www.sec.gov/cgi-bin/browse-edgar?action=getcompany&CIK=PANW
PARA,Paramount Global,Movies & Entertainment,10.94,,0.0188,-8.74,9.54,17.5,7764336640,2979000064,0.2652751,0.442324,http://www.sec.gov/cgi-bin/browse-edgar?action=getcompany&CIK=PARA
PH,Parker Hannifin,Industrial Machinery & Supplies & Components,634.07,29.019222,0.0104,21.85,395.0,646.6,81585790976,4901744128,4.093698,6.754839,http://www.sec.gov/cgi-bin/browse-edgar?action=getcompany&CIK=PH
PAYX,Paychex,Human Resource & Employment Services,139.33,29.70789,0.0277,4.69,108.58,144.17,50144587776,2358799872,9.442003,13.022712,http://www.sec.gov/cgi-bin/browse-edgar?action=getcompany&CIK=PAYX
PAYC,Paycom,Human Resource & Employment Services,209.03,25.214716,0.0087,8.29,139.5,222.3,12005094400,667798016,6.5820217,7.9758086,http://www.sec.gov/cgi-bin/browse-edgar?action=getcompany&CIK=PAYC
PYPL,PayPal,Transaction & Payment Processing Services,79.3,18.971292,,4.18,52.55,83.7,79501426688,6120999936,2.527305,3.9543233,http://www.sec.gov/cgi-bin/browse-edgar?action=getcompany&CIK=PYPL
PNR,Pentair,Industrial Machinery & Supplies & Components,99.12,24.78,0.0093,4.0,59.61,101.0,16377698304,978700032,3.9999263,4.680992,http://www.sec.gov/cgi-bin/browse-edgar?action=getcompany&CIK=PNR
PEP,PepsiCo,Soft Drinks & Non-alcoholic Beverages,166.08,24.495575,0.0326,6.78,158.03,183.41,227860103168,16913000448,2.478896,11.722191,http://www.sec.gov/cgi-bin/browse-edgar?action=getcompany&CIK=PEP
PFE,Pfizer,Pharmaceuticals,28.3,37.733334,0.0589,0.75,25.2,31.54,160367591424,18218000384,2.7009277,1.8286378,http://www.sec.gov/cgi-bin/browse-edgar?action=getcompany&CIK=PFE
PCG,PG&E Corporation,Multi-Utilities,20.22,17.282051,0.002,1.17,15.94,20.93,52879343616,8403999744,2.1342971,1.6463116,http://www.sec.gov/cgi-bin/browse-edgar?action=getcompany&CIK=PCG
PM,Philip Morris International,Tobacco,132.7,21.063492,0.040900003,6.3,87.82,134.11,206325923840,15169999872,5.5435643,,http://www.sec.gov/cgi-bin/browse-edgar?action=getcompany&CIK=PM
PSX,Phillips 66,Oil & Gas Refining & Marketing,121.82,15.578005,0.0377,7.82,110.54,174.08,50310320128,5571999744,0.34053743,1.7516212,http://www.sec.gov/cgi-bin/browse-edgar?action=getcompany&CIK=PSX
PNW,Pinnacle West,Multi-Utilities,87.81,16.201107,0.040900003,5.42,65.2,91.57,9976269824,1918966016,2.0401208,1.6061531,http://www.sec.gov/cgi-bin/browse-edgar?action=getcompany&CIK=PNW
PNC,PNC Financial Services,Diversified Banks,188.27,15.914624,0.0336,11.83,114.51,196.64,74727940096,,3.6481128,1.3418816,http://www.sec.gov/cgi-bin/browse-edgar?action=getcompany&CIK=PNC
POOL,Pool Corporation,Distributors,361.64,31.06873,0.013200001,11.64,293.51,422.73,13869726720,679316992,2.6038983,9.589012,http://www.sec.gov/cgi-bin/browse-edgar?action=getcompany&CIK=POOL
PPG,PPG Industries,Specialty Chemicals,124.51,19.732172,0.0212,6.31,118.07,151.16,29048182784,2870000128,1.6111027,3.709077,http://www.sec.gov/cgi-bin/browse-edgar?action=getcompany&CIK=PPG
PPL,PPL Corporation,Electric Utilities,32.56,28.814161,0.0319,1.13,24.78,33.39,24021889024,3294000128,2.9085712,1.7079313,http://www.sec.gov/cgi-bin/browse-edgar?action=getcompany&CIK=PPL
PFG,Principal Financial Group,Life & Health Insurance,82.4,,0.0347,-0.74,67.79,91.98,18894319616,1853799936,1.2070271,1.7847861,http://www.sec.gov/cgi-bin/browse-edgar?action=getcompany&CIK=PFG
PG,Procter & Gamble,Personal Care Products,165.18,28.47931,0.0242,5.8,142.5,177.94,389005475840,24039999488,4.636261,7.620409,http://www.sec.gov/cgi-bin/browse-edgar?action=getcompany&CIK=PG
PGR,Progressive Corporation,Property & Casualty Insurance,242.83,17.660364,0.0016,13.75,149.14,260.46,142249328640,10807000064,1.9768,5.2375817,http://www.sec.gov/cgi-bin/browse-edgar?action=getcompany&CIK=PGR
PLD,Prologis,Industrial REITs,112.94,34.120846,0.033099998,3.31,101.11,137.52,104602206208,5739131904,12.69566,1.9732682,http://www.sec.gov/cgi-bin/browse-edgar?action=getcompany&CIK=PLD
PRU,Prudential Financial,Life & Health Insurance,122.48,15.642402,0.041100003,7.83,89.9,128.53,43725361152,,0.59869874,1.4402295,http://www.sec.gov/cgi-bin/browse-edgar?action=getcompany&CIK=PRU
PTC,PTC Inc.,Application Software,185.33,75.6449,,2.45,135.16,194.24,22264619008,592105984,10.035686,7.380137,http://www.sec.gov/cgi-bin/browse-edgar?action=getcompany&CIK=PTC
PEG,Public Service Enterprise Group,Electric Utilities,89.41,27.09394,0.0272,3.3,56.85,92.2,44540665856,3620999936,4.347976,2.8138475,http://www.sec.gov/cgi-bin/browse-edgar?action=getcompany&CIK=PEG
PSA,Public Storage,Self-Storage REITs,329.06,34.134853,0.0357,9.64,241.6,369.99,57591422976,3349156096,12.3612585,10.74973,http://www.sec.gov/cgi-bin/browse-edgar?action=getcompany&CIK=PSA
PHM,PulteGroup,Homebuilding,129.53,9.559409,0.0061000003,13.55,79.18,149.47,26564272128,3788722944,1.5338396,2.3003836,http://www.sec.gov/cgi-bin/browse-edgar?action=getcompany&CIK=PHM
QRVO,Qorvo,Semiconductors,71.26,,,-1.45,70.385,130.99,6759816192,638716032,1.7122003,1.9827491,http://www.sec.gov/cgi-bin/browse-edgar?action=getcompany&CIK=QRVO
QCOM,Qualcomm,Semiconductors,162.77,20.787996,0.020299999,7.83,114.45,230.63,181325791232,11564999680,4.8549037,7.363159,http://www.sec.gov/cgi-bin/browse-edgar?action=getcompany&CIK=QCOM
PWR,Quanta Services,Construction & Engineering,301.63,56.91132,0.0011999999,5.3,163.94,317.91,44439150592,1792580992,2.0171213,6.7257566,http://www.sec.gov/cgi-bin/browse-edgar?action=getcompany&CIK=PWR
DGX,Quest Diagnostics,Health Care Services,154.83,20.810484,0.019199999,7.44,123.04,160.95,17281349632,1804999936,1.8116521,2.5467556,http://www.sec.gov/cgi-bin/browse-edgar?action=getcompany&CIK=DGX
RL,Ralph Lauren Corporation,"Apparel, Accessories & Luxury Goods",197.93,19.086788,0.0164,10.37,111.3,207.06,12259664896,1036800000,1.844363,5.217884,http://www.sec.gov/cgi-bin/browse-edgar?action=getcompany&CIK=RL
RJF,Raymond James Financial,Investment Banking & Brokerage,148.22,15.280413,0.0121,9.7,97.05,151.585,30133127168,,2.358573,2.7406025,http://www.sec.gov/cgi-bin/browse-edgar?action=getcompany&CIK=RJF
O,Realty Income,Retail REITs,59.37,54.972218,0.0523,1.08,48.68,64.88,51703431168,4206477056,10.959213,1.3400595,http://www.sec.gov/cgi-bin/browse-edgar?action=getcompany&CIK=O
REG,Regency Centers,Retail REITs,71.44,33.539906,0.0369,2.13,56.51,75.26,13045158912,918003968,8.756239,1.9848305,http://www.sec.gov/cgi-bin/browse-edgar?action=getcompany&CIK=REG
REGN,Regeneron Pharmaceuticals,Biotechnology,838.2,22.209856,,37.74,783.57,1211.2,92398977024,4519099904,6.8498993,3.206494,http://www.sec.gov/cgi-bin/browse-edgar?action=getcompany&CIK=REGN
RF,Regions Financial Corporation,Regional Banks,23.87,13.485876,0.0416,1.77,14.6,24.47,21745569792,,3.3168957,1.2820927,http://www.sec.gov/cgi-bin/browse-edgar?action=getcompany&CIK=RF
RSG,Republic Services,Environmental & Facilities Services,198.0,31.73077,0.0117,6.24,148.36,208.69,62004097024,4804800000,3.9199433,5.524554,http://www.sec.gov/cgi-bin/browse-edgar?action=getcompany&CIK=RSG
RMD,ResMed,Health Care Equipment,242.47,32.20053,0.0087,7.53,140.81,260.49,35593625600,1632185984,7.4037933,6.850596,http://www.sec.gov/cgi-bin/browse-edgar?action=getcompany&CIK=RMD
RVTY,Revvity,Health Care Equipment,118.59,74.118744,0.0023,1.6,82.17,128.15,14626534400,781416000,5.4007425,1.8589231,http://www.sec.gov/cgi-bin/browse-edgar?action=getcompany&CIK=RVTY
ROK,Rockwell Automation,Electrical Components & Equipment,266.71,30.307953,0.0188,8.8,242.81,312.76,30262781952,1793900032,3.4422383,9.099625,http://www.sec.gov/cgi-bin/browse-edgar?action=getcompany&CIK=ROK
ROL,"Rollins, Inc.",Environmental & Facilities Services,47.14,48.597935,0.0139999995,0.97,37.06,51.96,22830137344,757598016,6.8960204,17.324512,http://www.sec.gov/cgi-bin/browse-edgar?action=getcompany&CIK=ROL
ROP,Roper Technologies,Electronic Equipment & Instruments,537.73,39.62638,0.0055,13.57,486.82,579.1,57644118016,2732699904,8.507604,3.1133227,http://www.sec.gov/cgi-bin/browse-edgar?action=getcompany&CIK=ROP
ROST,Ross Stores,Apparel Retail,139.72,22.535484,0.0105,6.2,116.5,163.6,46353784832,2983800064,2.1975975,9.0433655,http://www.sec.gov/cgi-bin/browse-edgar?action=getcompany&CIK=ROST
RCL,Royal Caribbean Group,"Hotels, Resorts & Cruise Lines",206.35,20.676353,0.0077,9.98,86.75,214.12,55482359808,5641999872,3.4557683,7.8753533,http://www.sec.gov/cgi-bin/browse-edgar?action=getcompany&CIK=RCL
RTX,RTX Corporation,Aerospace & Defense,120.99,34.867435,0.0207,3.47,78.0,128.7,161040105472,12595999744,2.037399,2.6350865,http://www.sec.gov/cgi-bin/browse-edgar?action=getcompany&CIK=RTX
SPGI,S&P Global,Financial Exchanges & Data,480.36,42.434628,0.0075,11.32,365.0,533.29,149055700992,6645000192,10.826242,4.3850074,http://www.sec.gov/cgi-bin/browse-edgar?action=getcompany&CIK=SPGI
CRM,Salesforce,Application Software,291.37,50.673042,0.0054,5.75,204.69,318.71,278549725184,9345000448,7.638824,4.843251,http://www.sec.gov/cgi-bin/browse-edgar?action=getcompany&CIK=CRM
SBAC,SBA Communications,Telecom Tower REITs,229.47,36.251186,0.016900001,6.33,183.64,258.76,24669401088,1786044032,9.270872,,http://www.sec.gov/cgi-bin/browse-edgar?action=getcompany&CIK=SBAC
SLB,Schlumberger,Oil & Gas Equipment & Services,40.07,12.884245,0.0274,3.11,38.66,57.75,56584851456,8130999808,1.5720197,2.6304734,http://www.sec.gov/cgi-bin/browse-edgar?action=getcompany&CIK=SLB
STX,Seagate Technology,"Technology Hardware, Storage & Peripherals",100.37,25.935402,0.028900001,3.87,70.31,115.32,21231265792,1211000064,2.922404,,http://www.sec.gov/cgi-bin/browse-edgar?action=getcompany&CIK=STX
SRE,Sempra,Multi-Utilities,83.37,17.814104,0.0297,4.68,66.4,86.57,52785381376,5040000000,3.916992,1.8456532,http://www.sec.gov/cgi-bin/browse-edgar?action=getcompany&CIK=SRE
NOW,ServiceNow,Systems Software,932.99,144.42569,,6.46,592.48,979.78,192491683840,1824000000,18.395613,20.720219,http://www.sec.gov/cgi-bin/browse-edgar?action=getcompany&CIK=NOW
SHW,Sherwin-Williams,Specialty Chemicals,358.77,35.66302,0.007900001,10.06,240.0,392.57,90357293056,4399799808,3.9194608,21.632198,http://www.sec.gov/cgi-bin/browse-edgar?action=getcompany&CIK=SHW
SPG,Simon Property Group,Retail REITs,169.12,21.516539,0.0477,7.86,113.4,177.08,63400890368,4271028992,10.857726,18.989445,http://www.sec.gov/cgi-bin/browse-edgar?action=getcompany&CIK=SPG
SWKS,Skyworks Solutions,Semiconductors,87.58,18.095041,0.0311,4.84,85.74,120.86,13987928064,1136199936,3.199581,2.2073243,http://www.sec.gov/cgi-bin/browse-edgar?action=getcompany&CIK=SWKS
SW,Smurfit WestRock,Paper & Plastic Packaging Products & Materials,51.5,,0.0421,-1.87,38.55,52.75,26745186304,1788000000,2.290612,2.1614137,http://www.sec.gov/cgi-bin/browse-edgar?action=getcompany&CIK=SW
SNA,Snap-on,Industrial Machinery & Supplies & Components,330.13,16.973265,0.0223,19.45,252.98,337.72,17392140288,1480000000,3.4082186,3.1659858,http://www.sec.gov/cgi-bin/browse-edgar?action=getcompany&CIK=SNA
SOLV,Solventum,Health Care Technology,72.58,31.017096,,2.34,47.16,76.05,12706290688,2086000000,1.548226,4.372289,http://www.sec.gov/cgi-bin/browse-edgar?action=getcompany&CIK=SOLV
SO,Southern Company,Electric Utilities,91.03,21.725536,0.0322,4.19,65.8,94.45,99638706176,12684000256,3.8126085,3.070566,http://www.sec.gov/cgi-bin/browse-edgar?action=getcompany&CIK=SO
LUV,Southwest Airlines,Passenger Airlines,30.58,,0.0229,-0.08,22.44,35.18,18339958784,1682000000,0.6699283,1.7616223,http://www.sec.gov/cgi-bin/browse-edgar?action=getcompany&CIK=LUV
SWK,Stanley Black & Decker,Industrial Machinery & Supplies & Components,92.94,,0.0349,-1.24,77.7,110.88,14328002560,1663699968,0.93149674,1.6171353,http://www.sec.gov/cgi-bin/browse-edgar?action=getcompany&CIK=SWK
SBUX,Starbucks,Restaurants,97.7,29.516617,0.0251,3.31,71.55,107.66,110742945792,7081600000,3.036058,,http://www.sec.gov/cgi-bin/browse-edgar?action=getcompany&CIK=SBUX
STT,State Street Corporation,Asset Management & Custody Banks,92.8,14.545455,0.0327,6.38,65.16,94.6,27300925440,,2.1757193,1.1991833,http://www.sec.gov/cgi-bin/browse-edgar?action=getcompany&CIK=STT
STLD,Steel Dynamics,Steel,130.5,11.725067,0.0139,11.13,104.6,151.34,20136542208,2689149952,1.1248412,2.2138531,http://www.sec.gov/cgi-bin/browse-edgar?action=getcompany&CIK=STLD
STE,Steris,Health Care Equipment,221.85,39.265488,0.010199999,5.65,195.47,248.24,21878116352,1345448960,4.179347,3.4492679,http://www.sec.gov/cgi-bin/browse-edgar?action=getcompany&CIK=STE
SYK,Stryker Corporation,Health Care Equipment,356.28,38.14561,0.0088,9.34,266.93,374.63,135819632640,5705999872,6.1809244,6.738666,http://www.sec.gov/cgi-bin/browse-edgar?action=getcompany&CIK=SYK
SMCI,Supermicro,"Technology Hardware, Storage & Peripherals",29.11,16.44633,,1.77,22.737,122.9,19364640768,1304590720,1.2959131,3.1233907,http://www.sec.gov/cgi-bin/browse-edgar?action=getcompany&CIK=SMCI
SYF,Synchrony Financial,Consumer Finance,55.14,7.161039,0.0178,7.7,28.24,57.37,21468428288,,2.3835273,1.4542673,http://www.sec.gov/cgi-bin/browse-edgar?action=getcompany&CIK=SYF
SNPS,Synopsys,Application Software,513.61,52.89495,,9.71,457.52,629.38,78897684480,1652390016,12.169112,10.233925,http://www.sec.gov/cgi-bin/browse-edgar?action=getcompany&CIK=SNPS
SYY,Sysco,Food Distributors,74.95,19.267351,0.0275,3.89,65.19,82.89,36817387520,4410999808,0.4619033,16.677792,http://www.sec.gov/cgi-bin/browse-edgar?action=getcompany&CIK=SYY
TMUS,T-Mobile US,Wireless Telecommunication Services,223.16,25.416857,0.015800001,8.78,143.9,234.56,258974941184,30663999488,3.2369442,4.045099,http://www.sec.gov/cgi-bin/browse-edgar?action=getcompany&CIK=TMUS
TROW,T. Rowe Price,Asset Management & Custody Banks,109.86,12.95519,0.0444,8.48,90.02,122.27,24454617088,2626400000,3.598278,2.4631734,http://www.sec.gov/cgi-bin/browse-edgar?action=getcompany&CIK=TROW
TTWO,Take-Two Interactive,Interactive Home Entertainment,161.72,,,-22.31,132.17,171.59,28346767360,487800000,5.2463894,4.7289314,http://www.sec.gov/cgi-bin/browse-edgar?action=getcompany&CIK=TTWO
TPR,"Tapestry, Inc.","Apparel, Accessories & Luxury Goods",47.45,13.557143,0.028900001,3.5,26.95,51.96,11045457920,1430300032,1.6556927,3.7706614,http://www.sec.gov/cgi-bin/browse-edgar?action=getcompany&CIK=TPR
TRGP,Targa Resources,Oil & Gas Storage & Transportation,166.96,35.149475,0.018,4.75,81.03,169.92,36577599488,3774899968,2.2494757,14.830343,http://www.sec.gov/cgi-bin/browse-edgar?action=getcompany&CIK=TRGP
TGT,Target Corporation,Consumer Staples Merchandise Retail,150.04,15.499999,0.030199999,9.68,105.23,181.86,69119672320,9230999552,0.64417213,4.799897,http://www.sec.gov/cgi-bin/browse-edgar?action=getcompany&CIK=TGT
TEL,TE Connectivity,Electronic Manufacturing Services,147.42,14.271055,0.017,10.33,122.3,159.98,45524619264,3688999936,2.8791184,3.552974,http://www.sec.gov/cgi-bin/browse-edgar?action=getcompany&CIK=TEL
TDY,Teledyne Technologies,Electronic Equipment & Instruments,455.32,23.054178,,19.75,355.41,475.73,21218959360,1346000000,3.7940457,2.2126868,http://www.sec.gov/cgi-bin/browse-edgar?action=getcompany&CIK=TDY
TFX,Teleflex,Health Care Equipment,201.06,35.903572,0.0058,5.6,190.49,257.85,9473444864,630556992,3.1495862,2.0780323,http://www.sec.gov/cgi-bin/browse-edgar?action=getcompany&CIK=TFX
TER,Teradyne,Semiconductor Materials & Equipment,106.21,33.82484,0.0044,3.14,83.74,163.21,17330923520,639641024,6.3307114,5.9645085,http://www.sec.gov/cgi-bin/browse-edgar?action=getcompany&CIK=TER
TSLA,"Tesla, Inc.",Automobile Manufacturers,249.85,68.26503,,3.66,138.8,273.54,802033500160,13244000256,8.25562,11.457856,http://www.sec.gov/cgi-bin/browse-edgar?action=getcompany&CIK=TSLA
TXN,Texas Instruments,Semiconductors,203.16,37.692024,0.026199998,5.39,143.08,214.66,185326010368,6896999936,11.79594,10.729904,http://www.sec.gov/cgi-bin/browse-edgar?action=getcompany&CIK=TXN
TXT,Textron,Aerospace & Defense,80.42,17.597374,0.001,4.57,74.13,97.34,14918875136,1644999936,1.0670822,2.146193,http://www.sec.gov/cgi-bin/browse-edgar?action=getcompany&CIK=TXT
TMO,Thermo Fisher Scientific,Life Sciences Tools & Services,546.32,34.20914,0.0028,15.97,437.26,627.88,208692051968,10583000064,4.9254675,4.2614994,http://www.sec.gov/cgi-bin/browse-edgar?action=getcompany&CIK=TMO
TJX,TJX Companies,Apparel Retail,113.03,27.368038,0.013300001,4.13,87.26,121.13,127483142144,7125000192,2.2919142,16.383533,http://www.sec.gov/cgi-bin/browse-edgar?action=getcompany&CIK=TJX
TSCO,Tractor Supply,Other Specialty Retail,265.51,25.802723,0.0164,10.29,191.39,307.64,28640299008,1913799040,1.9391462,12.43199,http://www.sec.gov/cgi-bin/browse-edgar?action=getcompany&CIK=TSCO
TT,Trane Technologies,Building Products,370.16,33.86642,0.0089,10.93,211.31,406.96,83534004224,3672600064,4.308475,11.083962,http://www.sec.gov/cgi-bin/browse-edgar?action=getcompany&CIK=TT
TDG,TransDigm Group,Aerospace & Defense,1302.3,48.251205,,26.99,838.48,1451.32,73073876992,3774000128,9.607399,,http://www.sec.gov/cgi-bin/browse-edgar?action=getcompany&CIK=TDG
TRV,Travelers Companies (The),Property & Casualty Insurance,245.94,12.6252575,0.0168,19.48,165.84,269.56,56057352192,6719000064,1.2363229,2.015753,http://www.sec.gov/cgi-bin/browse-edgar?action=getcompany&CIK=TRV
TRMB,Trimble Inc.,Electronic Equipment & Instruments,60.5,9.9018,,6.11,40.72,65.55,14774584320,766300032,3.978293,2.632266,http://www.sec.gov/cgi-bin/browse-edgar?action=getcompany&CIK=TRMB
TFC,Truist Financial,Diversified Banks,43.05,,0.048,-5.09,28.84,45.31,57649975296,,3.976683,0.96826434,http://www.sec.gov/cgi-bin/browse-edgar?action=getcompany&CIK=TFC
TYL,Tyler Technologies,Application Software,605.59,110.71116,,5.47,378.56,631.43,25918404608,368943008,12.47513,7.911453,http://www.sec.gov/cgi-bin/browse-edgar?action=getcompany&CIK=TYL
TSN,Tyson Foods,Packaged Foods & Meats,58.59,,0.033299997,-0.06,45.13,66.88,20848080896,2556000000,0.39267838,1.1533464,http://www.sec.gov/cgi-bin/browse-edgar?action=getcompany&CIK=TSN
USB,U.S. Bancorp,Diversified Banks,48.31,14.864615,0.041100003,3.25,32.39,50.47,75388239872,,3.0280051,1.4487929,http://www.sec.gov/cgi-bin/browse-edgar?action=getcompany&CIK=USB
UBER,Uber,Passenger Ground Transportation,72.05,78.315216,,0.92,45.25,87.0,151372742656,2796999936,3.778745,12.2388315,http://www.sec.gov/cgi-bin/browse-edgar?action=getcompany&CIK=UBER
UDR,"UDR, Inc.",Multi-Family Residential REITs,42.19,102.902435,0.039,0.41,31.75,47.55,15856141312,1004814016,9.374678,4.0108376,http://www.sec.gov/cgi-bin/browse-edgar?action=getcompany&CIK=UDR
ULTA,Ulta Beauty,Other Specialty Retail,368.98,14.818475,,24.9,318.17,574.76,17384382464,1827608064,1.5355647,7.4325194,http://www.sec.gov/cgi-bin/browse-edgar?action=getcompany&CIK=ULTA
UNP,Union Pacific Corporation,Rail Transportation,232.07,21.310377,0.0231,10.89,207.75,258.66,140694077440,12030000128,5.7927403,8.492955,http://www.sec.gov/cgi-bin/browse-edgar?action=getcompany&CIK=UNP
UAL,United Airlines Holdings,Passenger Airlines,78.26,9.327771,,8.39,35.24,81.0499,25737836544,7482999808,0.45965347,2.2502086,http://www.sec.gov/cgi-bin/browse-edgar?action=getcompany&CIK=UAL
UPS,United Parcel Service,Air Freight & Logistics,134.06,21.483974,0.048699997,6.24,123.12,163.82,114832842752,12222999552,1.2662687,6.799554,http://www.sec.gov/cgi-bin/browse-edgar?action=getcompany&CIK=UPS
URI,United Rentals,Trading Companies & Distributors,812.8,21.249672,0.008,38.25,419.81,861.74,53337886720,4542000128,3.5610821,6.2233925,http://www.sec.gov/cgi-bin/browse-edgar?action=getcompany&CIK=URI
UNH,UnitedHealth Group,Managed Health Care,564.5,36.72739,0.0149,15.37,436.38,608.63,521269444608,35035000832,1.3233615,5.256101,http://www.sec.gov/cgi-bin/browse-edgar?action=getcompany&CIK=UNH
UHS,Universal Health Services,Health Care Facilities,204.31,13.60253,0.0039,15.02,125.69,243.25,13630174208,2124051968,0.8840568,2.0579376,http://www.sec.gov/cgi-bin/browse-edgar?action=getcompany&CIK=UHS
VLO,Valero Energy,Oil & Gas Refining & Marketing,129.76,11.412489,0.0332,11.37,119.88,184.79,41080066048,7838000128,0.319009,1.6339687,http://www.sec.gov/cgi-bin/browse-edgar?action=getcompany&CIK=VLO
VTR,Ventas,Health Care REITs,65.49,,0.0271,-0.37,41.45,67.59,27161454592,1896387968,5.6541452,2.8135068,http://www.sec.gov/cgi-bin/browse-edgar?action=getcompany&CIK=VTR
VLTO,Veralto,Environmental & Facilities Services,102.19,31.540125,0.0034999999,3.24,66.69,115.0,25272406016,1271000064,4.92064,12.927261,http://www.sec.gov/cgi-bin/browse-edgar?action=getcompany&CIK=VLTO
VRSN,Verisign,Internet Services & Infrastructure,176.84,20.586727,,8.59,167.05,220.91,16994323456,1089200000,11.018104,,http://www.sec.gov/cgi-bin/browse-edgar?action=getcompany&CIK=VRSN
VRSK,Verisk Analytics,Research & Consulting Services,274.72,42.39506,0.0058999998,6.48,217.34,287.13,38793486336,1323699968,13.976612,127.00878,http://www.sec.gov/cgi-bin/browse-edgar?action=getcompany&CIK=VRSK
VZ,Verizon,Integrated Telecommunication Services,42.13,18.238096,0.0656,2.31,35.31,45.36,177351720960,48734998528,1.3211836,1.8411852,http://www.sec.gov/cgi-bin/browse-edgar?action=getcompany&CIK=VZ
VRTX,Vertex Pharmaceuticals,Biotechnology,475.98,,,-2.0,341.9,510.64,122851393536,4394899968,11.884168,8.312174,http://www.sec.gov/cgi-bin/browse-edgar?action=getcompany&CIK=VRTX
VTRS,Viatris,Pharmaceuticals,11.6,,0.0404,-0.54,8.85,13.62,13845644288,4646700032,0.90855455,0.70913315,http://www.sec.gov/cgi-bin/browse-edgar?action=getcompany&CIK=VTRS
VICI,Vici Properties,Hotel & Resort REITs,31.76,12.454903,0.053400002,2.55,27.075,34.29,33258119168,3474679040,8.881463,1.2881768,http://www.sec.gov/cgi-bin/browse-edgar?action=getcompany&CIK=VICI
V,Visa Inc.,Transaction & Payment Processing Services,289.85,29.819958,0.0072000003,9.72,239.2,296.34,562798854144,24384000000,16.11773,14.451315,http://www.sec.gov/cgi-bin/browse-edgar?action=getcompany&CIK=V
VST,Vistra Corp.,Electric Utilities,124.96,91.21168,0.0070999996,1.37,33.84,143.865,42931380224,4044000000,3.0525725,13.842915,http://www.sec.gov/cgi-bin/browse-edgar?action=getcompany&CIK=VST
VMC,Vulcan Materials Company,Construction Materials,273.93,42.73479,0.0067000003,6.41,206.02,279.47,36175470592,1985600000,4.8897004,4.6020865,http://www.sec.gov/cgi-bin/browse-edgar?action=getcompany&CIK=VMC
WRB,W. R. Berkley Corporation,Property & Casualty Insurance,57.17,14.696657,0.0053,3.89,44.666668,61.96,21792632832,,1.6518874,2.7992947,http://www.sec.gov/cgi-bin/browse-edgar?action=getcompany&CIK=WRB
GWW,W. W. Grainger,Industrial Machinery & Supplies & Components,1109.23,30.389862,0.0075,36.5,747.0,1130.005,54158929920,2814000128,3.2329829,16.545794,http://www.sec.gov/cgi-bin/browse-edgar?action=getcompany&CIK=GWW
WAB,Wabtec,Construction Machinery & Heavy Transportation Equipment,187.98,31.33,0.0042,6.0,107.24,192.48,32311881728,2110000000,3.1279652,3.180065,http://www.sec.gov/cgi-bin/browse-edgar?action=getcompany&CIK=WAB
WBA,Walgreens Boots Alliance,Drug Retail,9.46,,0.1082,-10.01,8.22,27.05,8179277312,2884000000,0.05539339,0.7825296,http://www.sec.gov/cgi-bin/browse-edgar?action=getcompany&CIK=WBA
WMT,Walmart,Consumer Staples Merchandise Retail,81.95,42.682293,0.010199999,1.92,49.84667,83.34,658734579712,40779001856,0.99052614,7.799562,http://www.sec.gov/cgi-bin/browse-edgar?action=getcompany&CIK=WMT
DIS,Walt Disney Company (The),Movies & Entertainment,96.2,36.85824,0.0095,2.61,81.82,123.74,174467350528,16750999552,1.9379232,1.73618,http://www.sec.gov/cgi-bin/browse-edgar?action=getcompany&CIK=DIS
WBD,Warner Bros. Discovery,Broadcasting,8.13,,,-4.81,6.64,12.7,19934027776,7409999872,0.49917433,0.5801756,http://www.sec.gov/cgi-bin/browse-edgar?action=getcompany&CIK=WBD
WM,Waste Management,Environmental & Facilities Services,215.85,32.954197,0.0139999995,6.55,162.34,225.0,86634856448,6381000192,4.0508184,10.857647,http://www.sec.gov/cgi-bin/browse-edgar?action=getcompany&CIK=WM
WAT,Waters Corporation,Life Sciences Tools & Services,323.11,32.214355,,10.03,241.41,367.21,19180423168,995238016,6.667894,13.582328,http://www.sec.gov/cgi-bin/browse-edgar?action=getcompany&CIK=WAT
WEC,WEC Energy Group,Electric Utilities,95.53,22.062355,0.0348,4.33,75.13,100.31,30195027968,3566500096,3.5000207,2.499019,http://www.sec.gov/cgi-bin/browse-edgar?action=getcompany&CIK=WEC
WFC,Wells Fargo,Diversified Banks,64.92,13.4968815,0.024500001,4.81,39.39,66.4,220972744704,,2.837531,1.3190296,http://www.sec.gov/cgi-bin/browse-edgar?action=getcompany&CIK=WFC
WELL,Welltower,Health Care REITs,134.88,86.46155,0.0194,1.56,84.38,139.8,83988430848,2930661888,11.116127,2.7496789,http://www.sec.gov/cgi-bin/browse-edgar?action=getcompany&CIK=WELL
WST,West Pharmaceutical Services,Health Care Supplies,307.93,45.75483,0.0027,6.73,265.0,413.7,22301028352,744700032,7.7531037,8.11196,http://www.sec.gov/cgi-bin/browse-edgar?action=getcompany&CIK=WST
WDC,Western Digital,"Technology Hardware, Storage & Peripherals",65.31,71.769226,,0.91,41.78,81.55,22575966208,2134000000,1.5734574,1.9296223,http://www.sec.gov/cgi-bin/browse-edgar?action=getcompany&CIK=WDC
WY,Weyerhaeuser,Timber REITs,31.16,42.68493,0.0252,0.73,26.73,36.27,22640295936,1234000000,3.148859,2.2812796,http://www.sec.gov/cgi-bin/browse-edgar?action=getcompany&CIK=WY
WMB,Williams Companies,Oil & Gas Storage & Transportation,52.37,22.573277,0.036199998,2.32,32.65,52.85,63835365376,5833999872,6.2260184,5.2068005,http://www.sec.gov/cgi-bin/browse-edgar?action=getcompany&CIK=WMB
WTW,Willis Towers Watson,Insurance Brokers,302.19,29.084696,0.012,10.39,232.77,308.87,30689208320,2527000064,3.168409,3.2865674,http://www.sec.gov/cgi-bin/browse-edgar?action=getcompany&CIK=WTW
WYNN,Wynn Resorts,Casinos & Gaming,96.02,12.373711,0.010199999,7.76,71.63,110.38,10657451008,1940977024,1.49931,,http://www.sec.gov/cgi-bin/browse-edgar?action=getcompany&CIK=WYNN
XEL,Xcel Energy,Multi-Utilities,66.81,19.943283,0.0347,3.35,46.79,67.7299,37246640128,5484000256,2.702753,2.073943,http://www.sec.gov/cgi-bin/browse-edgar?action=getcompany&CIK=XEL
XYL,Xylem Inc.,Industrial Machinery & Supplies & Components,121.78,37.58642,0.0111,3.24,93.86,146.08,29579507712,1622000000,3.5230474,2.8604982,http://www.sec.gov/cgi-bin/browse-edgar?action=getcompany&CIK=XYL
YUM,Yum! Brands,Restaurants,131.16,24.021978,0.0201,5.46,122.79,143.2,36877602816,2627000064,5.1903734,,http://www.sec.gov/cgi-bin/browse-edgar?action=getcompany&CIK=YUM
ZBRA,Zebra Technologies,Electronic Equipment & Instruments,381.97,51.75745,,7.38,198.19,394.57,19702011904,803000000,4.2315316,5.7549005,http://www.sec.gov/cgi-bin/browse-edgar?action=getcompany&CIK=ZBRA
ZBH,Zimmer Biomet,Health Care Equipment,106.92,20.404581,0.0087,5.24,101.47,133.9,21774471168,2541400064,2.8667593,1.7467163,http://www.sec.gov/cgi-bin/browse-edgar?action=getcompany&CIK=ZBH
ZTS,Zoetis,Pharmaceuticals,178.78,35.0549,0.0095,5.1,144.8,201.92,80996458496,3644999936,9.085413,16.337385,http://www.sec.gov/cgi-bin/browse-edgar?action=getcompany&CIK=ZTS
